miRNA	status	mi-acc	5p-acc	3p-acc	div
let-7a-1	white	MI0000060	MIMAT0000062	MIMAT0004481	
let-7a-2	white	MI0000061	MIMAT0000062	MIMAT0010195	
let-7a-3	white	MI0000062	MIMAT0000062	MIMAT0004481	
let-7b	white	MI0000063	MIMAT0000063	MIMAT0004482	
let-7c	white	MI0000064	MIMAT0000064	MIMAT0026472	
let-7d	white	MI0000065	MIMAT0000065	MIMAT0004484	
let-7e	white	MI0000066	MIMAT0000066	MIMAT0004485	
let-7f-1	white	MI0000067	MIMAT0000067	MIMAT0004486	
let-7f-2	white	MI0000068	MIMAT0000067	MIMAT0004487	
let-7g	white	MI0000433	MIMAT0000414	MIMAT0004584	
let-7i	white	MI0000434	MIMAT0000415	MIMAT0004585	
mir-1-1	white	MI0000651	MIMAT0031892	MIMAT0000416	
mir-1-2	white	MI0000437		MIMAT0000416	
mir-7-1	white	MI0000263	MIMAT0000252	MIMAT0004553	
mir-7-2	white	MI0000264	MIMAT0000252	MIMAT0004554	
mir-7-3	white	MI0000265	MIMAT0000252		
mir-9-1	white	MI0000466	MIMAT0000441	MIMAT0000442	
mir-9-2	white	MI0000467	MIMAT0000441	MIMAT0000442	
mir-9-3	white	MI0000468	MIMAT0000441	MIMAT0000442	
mir-10a	white	MI0000266	MIMAT0000253	MIMAT0004555	
mir-10b	white	MI0000267	MIMAT0000254	MIMAT0004556	
mir-15a	white	MI0000069	MIMAT0000068	MIMAT0004488	
mir-15b	white	MI0000438	MIMAT0000417	MIMAT0004586	
mir-16-1	white	MI0000070	MIMAT0000069	MIMAT0004489	
mir-16-2	white	MI0000115	MIMAT0000069	MIMAT0004518	
mir-17	white	MI0000071	MIMAT0000070	MIMAT0000071	
mir-18a	white	MI0000072	MIMAT0000072	MIMAT0002891	
mir-18b	white	MI0001518	MIMAT0001412	MIMAT0004751	
mir-19a	white	MI0000073	MIMAT0004490	MIMAT0000073	
mir-19b-1	white	MI0000074	MIMAT0004491	MIMAT0000074	
mir-19b-2	white	MI0000075	MIMAT0004492	MIMAT0000074	
mir-20a	white	MI0000076	MIMAT0000075	MIMAT0004493	
mir-20b	white	MI0001519	MIMAT0001413	MIMAT0004752	
mir-21	white	MI0000077	MIMAT0000076	MIMAT0004494	
mir-22	white	MI0000078	MIMAT0004495	MIMAT0000077	
mir-23a	white	MI0000079	MIMAT0004496	MIMAT0000078	
mir-23b	white	MI0000439	MIMAT0004587	MIMAT0000418	
mir-24-1	white	MI0000080	MIMAT0000079	MIMAT0000080	
mir-24-2	white	MI0000081	MIMAT0004497	MIMAT0000080	
mir-25	white	MI0000082	MIMAT0004498	MIMAT0000081	
mir-26a-1	white	MI0000083	MIMAT0000082	MIMAT0004499	
mir-26a-2	white	MI0000750	MIMAT0000082	MIMAT0004681	
mir-26b	white	MI0000084	MIMAT0000083	MIMAT0004500	
mir-27a	white	MI0000085	MIMAT0004501	MIMAT0000084	
mir-27b	white	MI0000440	MIMAT0004588	MIMAT0000419	
mir-28	white	MI0000086	MIMAT0000085	MIMAT0004502	
mir-29a	white	MI0000087	MIMAT0004503	MIMAT0000086	
mir-29b-1	white	MI0000105	MIMAT0004514	MIMAT0000100	
mir-29b-2	white	MI0000107	MIMAT0004515	MIMAT0000100	
mir-29c	white	MI0000735	MIMAT0004673	MIMAT0000681	
mir-30a	white	MI0000088	MIMAT0000087	MIMAT0000088	
mir-30b	white	MI0000441	MIMAT0000420	MIMAT0004589	
mir-30c-1	white	MI0000736	MIMAT0000244	MIMAT0004674	
mir-30c-2	white	MI0000254	MIMAT0000244	MIMAT0004550	
mir-30d	white	MI0000255	MIMAT0000245	MIMAT0004551	
mir-30e	white	MI0000749	MIMAT0000692	MIMAT0000693	
mir-31	white	MI0000089	MIMAT0000089	MIMAT0004504	
mir-32	white	MI0000090	MIMAT0000090	MIMAT0004505	
mir-33a	white	MI0000091	MIMAT0000091	MIMAT0004506	
mir-33b	white	MI0003646	MIMAT0003301	MIMAT0004811	
mir-34a	white	MI0000268	MIMAT0000255	MIMAT0004557	
mir-34b	white	MI0000742	MIMAT0000685	MIMAT0004676	
mir-34c	white	MI0000743	MIMAT0000686	MIMAT0004677	
mir-92a-1	white	MI0000093	MIMAT0004507	MIMAT0000092	
mir-92a-2	white	MI0000094	MIMAT0004508	MIMAT0000092	
mir-92b	white	MI0003560	MIMAT0004792	MIMAT0003218	
mir-93	white	MI0000095	MIMAT0000093	MIMAT0004509	
mir-95	white	MI0000097	MIMAT0026473	MIMAT0000094	
mir-96	white	MI0000098	MIMAT0000095	MIMAT0004510	
mir-98	white	MI0000100	MIMAT0000096	MIMAT0022842	
mir-99a	white	MI0000101	MIMAT0000097	MIMAT0004511	
mir-99b	white	MI0000746	MIMAT0000689	MIMAT0004678	
mir-100	white	MI0000102	MIMAT0000098	MIMAT0004512	
mir-101-1	white	MI0000103	MIMAT0004513	MIMAT0000099	
mir-101-2	white	MI0000739		MIMAT0000099	
mir-103a-1	white	MI0000109		MIMAT0000101	
mir-103a-2	white	MI0000108	MIMAT0009196	MIMAT0000101	
mir-105-1	white	MI0000111	MIMAT0000102	MIMAT0004516	
mir-105-2	white	MI0000112	MIMAT0000102	MIMAT0004516	
mir-106a	white	MI0000113	MIMAT0000103	MIMAT0004517	
mir-106b	white	MI0000734	MIMAT0000680	MIMAT0004672	
mir-107	white	MI0000114			MIMAT0000104
mir-122	white	MI0000442	MIMAT0000421	MIMAT0004590	
mir-124-1	white	MI0000443	MIMAT0004591	MIMAT0000422	
mir-124-2	white	MI0000444	MIMAT0004591	MIMAT0000422	
mir-124-3	white	MI0000445	MIMAT0004591	MIMAT0000422	
mir-125a	white	MI0000469	MIMAT0000443	MIMAT0004602	
mir-125b-1	white	MI0000446	MIMAT0000423	MIMAT0004592	
mir-125b-2	white	MI0000470	MIMAT0000423	MIMAT0004603	
mir-126	white	MI0000471	MIMAT0000444	MIMAT0000445	
mir-127	white	MI0000472	MIMAT0004604	MIMAT0000446	
mir-128-1	white	MI0000447	MIMAT0026477	MIMAT0000424	
mir-128-2	white	MI0000727	MIMAT0031095	MIMAT0000424	
mir-129-1	white	MI0000252	MIMAT0000242	MIMAT0004548	
mir-129-2	white	MI0000473	MIMAT0000242	MIMAT0004605	
mir-130a	white	MI0000448	MIMAT0004593	MIMAT0000425	
mir-130b	white	MI0000748	MIMAT0004680	MIMAT0000691	
mir-132	white	MI0000449	MIMAT0004594	MIMAT0000426	
mir-133a-1	white	MI0000450	MIMAT0026478	MIMAT0000427	
mir-133a-2	white	MI0000451	MIMAT0026478	MIMAT0000427	
mir-133b	white	MI0000822			MIMAT0000770
mir-134	white	MI0000474	MIMAT0000447	MIMAT0026481	
mir-135a-1	white	MI0000452	MIMAT0000428	MIMAT0004595	
mir-135a-2	white	MI0000453	MIMAT0000428		
mir-135b	white	MI0000810	MIMAT0000758	MIMAT0004698	
mir-136	white	MI0000475	MIMAT0000448	MIMAT0004606	
mir-137	white	MI0000454			MIMAT0000429
mir-138-1	white	MI0000476	MIMAT0000430	MIMAT0004607	
mir-138-2	white	MI0000455	MIMAT0000430	MIMAT0004596	
mir-139	white	MI0000261	MIMAT0000250	MIMAT0004552	
mir-140	white	MI0000456	MIMAT0000431	MIMAT0004597	
mir-141	white	MI0000457	MIMAT0004598	MIMAT0000432	
mir-142	white	MI0000458	MIMAT0000433	MIMAT0000434	
mir-143	white	MI0000459	MIMAT0004599	MIMAT0000435	
mir-144	white	MI0000460	MIMAT0004600	MIMAT0000436	
mir-145	white	MI0000461	MIMAT0000437	MIMAT0004601	
mir-146a	white	MI0000477	MIMAT0000449	MIMAT0004608	
mir-146b	white	MI0003129	MIMAT0002809	MIMAT0004766	
mir-147b	white	MI0005544			MIMAT0004928
mir-148a	white	MI0000253	MIMAT0004549	MIMAT0000243	
mir-148b	white	MI0000811	MIMAT0004699	MIMAT0000759	
mir-149	white	MI0000478	MIMAT0000450	MIMAT0004609	
mir-150	white	MI0000479	MIMAT0000451	MIMAT0004610	
mir-151a	white	MI0000809	MIMAT0004697	MIMAT0000757	
mir-152	white	MI0000462	MIMAT0026479	MIMAT0000438	
mir-153-1	white	MI0000463		MIMAT0000439	
mir-153-2	white	MI0000464	MIMAT0026480	MIMAT0000439	
mir-154	white	MI0000480	MIMAT0000452	MIMAT0000453	
mir-155	white	MI0000681	MIMAT0000646	MIMAT0004658	
mir-181a-1	white	MI0000289	MIMAT0000256	MIMAT0000270	
mir-181a-2	white	MI0000269	MIMAT0000256	MIMAT0004558	
mir-181b-1	white	MI0000270	MIMAT0000257	MIMAT0022692	
mir-181b-2	white	MI0000683	MIMAT0000257	MIMAT0031893	
mir-181c	white	MI0000271	MIMAT0000258	MIMAT0004559	
mir-181d	white	MI0003139	MIMAT0002821	MIMAT0026608	
mir-182	white	MI0000272	MIMAT0000259	MIMAT0000260	
mir-183	white	MI0000273	MIMAT0000261	MIMAT0004560	
mir-184	white	MI0000481			MIMAT0000454
mir-185	white	MI0000482	MIMAT0000455	MIMAT0004611	
mir-186	white	MI0000483	MIMAT0000456	MIMAT0004612	
mir-187	white	MI0000274	MIMAT0004561	MIMAT0000262	
mir-188	white	MI0000484	MIMAT0000457	MIMAT0004613	
mir-190a	white	MI0000486	MIMAT0000458	MIMAT0026482	
mir-190b	white	MI0005545			MIMAT0004929
mir-191	white	MI0000465	MIMAT0000440	MIMAT0001618	
mir-192	white	MI0000234	MIMAT0000222	MIMAT0004543	
mir-193a	white	MI0000487	MIMAT0004614	MIMAT0000459	
mir-193b	white	MI0003137	MIMAT0004767	MIMAT0002819	
mir-194-1	white	MI0000488	MIMAT0000460		
mir-194-2	white	MI0000732	MIMAT0000460	MIMAT0004671	
mir-195	white	MI0000489	MIMAT0000461	MIMAT0004615	
mir-196a-1	white	MI0000238	MIMAT0000226		
mir-196a-2	white	MI0000279	MIMAT0000226	MIMAT0004562	
mir-196b	white	MI0001150	MIMAT0001080	MIMAT0009201	
mir-197	white	MI0000239	MIMAT0022691	MIMAT0000227	
mir-199a-1	white	MI0000242	MIMAT0000231	MIMAT0000232	
mir-199a-2	white	MI0000281	MIMAT0000231	MIMAT0000232	
mir-199b	white	MI0000282	MIMAT0000263	MIMAT0004563	
mir-200a	white	MI0000737	MIMAT0001620	MIMAT0000682	
mir-200b	white	MI0000342	MIMAT0004571	MIMAT0000318	
mir-200c	white	MI0000650	MIMAT0004657	MIMAT0000617	
mir-202	white	MI0003130	MIMAT0002810	MIMAT0002811	
mir-203a	white	MI0000283	MIMAT0031890	MIMAT0000264	
mir-204	white	MI0000284	MIMAT0000265	MIMAT0022693	
mir-205	white	MI0000285	MIMAT0000266	MIMAT0009197	
mir-206	white	MI0000490			MIMAT0000462
mir-208a	white	MI0000251	MIMAT0026474	MIMAT0000241	
mir-208b	white	MI0005570	MIMAT0026722	MIMAT0004960	
mir-210	white	MI0000286	MIMAT0026475	MIMAT0000267	
mir-211	white	MI0000287	MIMAT0000268	MIMAT0022694	
mir-212	white	MI0000288	MIMAT0022695	MIMAT0000269	
mir-214	white	MI0000290	MIMAT0004564	MIMAT0000271	
mir-215	white	MI0000291	MIMAT0000272	MIMAT0026476	
mir-216a	white	MI0000292	MIMAT0000273	MIMAT0022844	
mir-216b	white	MI0005569	MIMAT0004959	MIMAT0026721	
mir-217	white	MI0000293			MIMAT0000274
mir-218-1	white	MI0000294	MIMAT0000275	MIMAT0004565	
mir-218-2	white	MI0000295	MIMAT0000275	MIMAT0004566	
mir-219a-1	white	MI0000296	MIMAT0000276	MIMAT0004567	
mir-219a-2	white	MI0000740	MIMAT0000276	MIMAT0004675	
mir-221	white	MI0000298	MIMAT0004568	MIMAT0000278	
mir-222	white	MI0000299	MIMAT0004569	MIMAT0000279	
mir-223	white	MI0000300	MIMAT0004570	MIMAT0000280	
mir-224	white	MI0000301	MIMAT0000281	MIMAT0009198	
mir-296	white	MI0000747	MIMAT0000690	MIMAT0004679	
mir-299	white	MI0000744	MIMAT0002890	MIMAT0000687	
mir-301a	white	MI0000745	MIMAT0022696	MIMAT0000688	
mir-301b	white	MI0005568	MIMAT0032026	MIMAT0004958	
mir-302a	white	MI0000738	MIMAT0000683	MIMAT0000684	
mir-302b	white	MI0000772	MIMAT0000714	MIMAT0000715	
mir-302c	white	MI0000773	MIMAT0000716	MIMAT0000717	
mir-302d	white	MI0000774	MIMAT0004685	MIMAT0000718	
mir-323a	white	MI0000807	MIMAT0004696	MIMAT0000755	
mir-324	white	MI0000813	MIMAT0000761	MIMAT0000762	
mir-325	white	MI0000824			MIMAT0000771
mir-326	white	MI0000808			MIMAT0000756
mir-328	white	MI0000804	MIMAT0026486	MIMAT0000752	
mir-329-1	white	MI0001725	MIMAT0026555	MIMAT0001629	
mir-329-2	white	MI0001726	MIMAT0026555	MIMAT0001629	
mir-330	white	MI0000803	MIMAT0004693	MIMAT0000751	
mir-331	white	MI0000812	MIMAT0004700	MIMAT0000760	
mir-335	white	MI0000816	MIMAT0000765	MIMAT0004703	
mir-337	white	MI0000806	MIMAT0004695	MIMAT0000754	
mir-338	white	MI0000814	MIMAT0004701	MIMAT0000763	
mir-339	white	MI0000815	MIMAT0000764	MIMAT0004702	
mir-340	white	MI0000802	MIMAT0004692	MIMAT0000750	
mir-342	white	MI0000805	MIMAT0004694	MIMAT0000753	
mir-345	white	MI0000825	MIMAT0000772	MIMAT0022698	
mir-346	white	MI0000826			MIMAT0000773
mir-361	white	MI0000760	MIMAT0000703	MIMAT0004682	
mir-362	white	MI0000762	MIMAT0000705	MIMAT0004683	
mir-363	white	MI0000764	MIMAT0003385	MIMAT0000707	
mir-365a	white	MI0000767	MIMAT0009199	MIMAT0000710	
mir-365b	white	MI0000769	MIMAT0022833	MIMAT0022834	
mir-367	white	MI0000775	MIMAT0004686	MIMAT0000719	
mir-369	white	MI0000777	MIMAT0001621	MIMAT0000721	
mir-370	white	MI0000778	MIMAT0026483	MIMAT0000722	
mir-371a	white	MI0000779	MIMAT0004687	MIMAT0000723	
mir-372	white	MI0000780	MIMAT0026484	MIMAT0000724	
mir-373	white	MI0000781	MIMAT0000725	MIMAT0000726	
mir-374a	white	MI0000782	MIMAT0000727	MIMAT0004688	
mir-374b	white	MI0005566	MIMAT0004955	MIMAT0004956	
mir-375	white	MI0000783			MIMAT0000728
mir-376a-1	white	MI0000784	MIMAT0003386	MIMAT0000729	
mir-376a-2	white	MI0003529	MIMAT0022928	MIMAT0000729	
mir-376b	white	MI0002466	MIMAT0022923	MIMAT0002172	
mir-376c	white	MI0000776	MIMAT0022861	MIMAT0000720	
mir-377	white	MI0000785	MIMAT0004689	MIMAT0000730	
mir-378a	white	MI0000786	MIMAT0000731	MIMAT0000732	
mir-379	white	MI0000787	MIMAT0000733	MIMAT0004690	
mir-380	white	MI0000788	MIMAT0000734	MIMAT0000735	
mir-381	white	MI0000789	MIMAT0022862	MIMAT0000736	
mir-382	white	MI0000790	MIMAT0000737	MIMAT0022697	
mir-383	white	MI0000791	MIMAT0000738	MIMAT0026485	
mir-409	white	MI0001735	MIMAT0001638	MIMAT0001639	
mir-410	white	MI0002465	MIMAT0026558	MIMAT0002171	
mir-411	white	MI0003675	MIMAT0003329	MIMAT0004813	
mir-412	white	MI0002464	MIMAT0026557	MIMAT0002170	
mir-421	white	MI0003685			MIMAT0003339
mir-423	white	MI0001445	MIMAT0004748	MIMAT0001340	
mir-424	white	MI0001446	MIMAT0001341	MIMAT0004749	
mir-425	white	MI0001448	MIMAT0003393	MIMAT0001343	
mir-429	white	MI0001641			MIMAT0001536
mir-431	white	MI0001721	MIMAT0001625	MIMAT0004757	
mir-432	white	MI0003133	MIMAT0002814	MIMAT0002815	
mir-433	white	MI0001723	MIMAT0026554	MIMAT0001627	
mir-448	white	MI0001637			MIMAT0001532
mir-449a	white	MI0001648			MIMAT0001541
mir-449b	white	MI0003673	MIMAT0003327	MIMAT0009203	
mir-449c	white	MI0003823	MIMAT0010251	MIMAT0013771	
mir-450a-1	white	MI0001652	MIMAT0001545	MIMAT0022700	
mir-450a-2	white	MI0003187	MIMAT0001545	MIMAT0031074	
mir-450b	white	MI0005531	MIMAT0004909	MIMAT0004910	
mir-452	white	MI0001733	MIMAT0001635	MIMAT0001636	
mir-454	white	MI0003820	MIMAT0003884	MIMAT0003885	
mir-455	white	MI0003513	MIMAT0003150	MIMAT0004784	
mir-483	white	MI0002467	MIMAT0004761	MIMAT0002173	
mir-485	white	MI0002469	MIMAT0002175	MIMAT0002176	
mir-486-1	white	MI0002470	MIMAT0002177	MIMAT0004762	
mir-487a	white	MI0002471	MIMAT0026559	MIMAT0002178	
mir-487b	white	MI0003530	MIMAT0026614	MIMAT0003180	
mir-488	white	MI0003123	MIMAT0002804	MIMAT0004763	
mir-489	white	MI0003124	MIMAT0026605	MIMAT0002805	
mir-490	white	MI0003125	MIMAT0004764	MIMAT0002806	
mir-491	white	MI0003126	MIMAT0002807	MIMAT0004765	
mir-493	white	MI0003132	MIMAT0002813	MIMAT0003161	
mir-494	white	MI0003134	MIMAT0026607	MIMAT0002816	
mir-495	white	MI0003135	MIMAT0022924	MIMAT0002817	
mir-496	white	MI0003136			MIMAT0002818
mir-497	white	MI0003138	MIMAT0002820	MIMAT0004768	
mir-499a	white	MI0003183	MIMAT0002870	MIMAT0004772	
mir-500a	white	MI0003184	MIMAT0004773	MIMAT0002871	
mir-500b	white	MI0015903	MIMAT0016925	MIMAT0027032	
mir-501	white	MI0003185	MIMAT0002872	MIMAT0004774	
mir-502	white	MI0003186	MIMAT0002873	MIMAT0004775	
mir-503	white	MI0003188	MIMAT0002874	MIMAT0022925	
mir-504	white	MI0003189	MIMAT0002875	MIMAT0026612	
mir-505	white	MI0003190	MIMAT0004776	MIMAT0002876	
mir-506	white	MI0003193	MIMAT0022701	MIMAT0002878	
mir-507	white	MI0003194			MIMAT0002879
mir-508	white	MI0003195	MIMAT0004778	MIMAT0002880	
mir-509-1	white	MI0003196	MIMAT0004779	MIMAT0002881	
mir-509-2	white	MI0005530	MIMAT0004779	MIMAT0002881	
mir-509-3	white	MI0005717	MIMAT0004975	MIMAT0002881	
mir-510	white	MI0003197	MIMAT0002882	MIMAT0026613	
mir-511	white	MI0003127	MIMAT0002808	MIMAT0026606	
mir-512-1	white	MI0003140	MIMAT0002822	MIMAT0002823	
mir-512-2	white	MI0003141	MIMAT0002822	MIMAT0002823	
mir-513a-1	white	MI0003191	MIMAT0002877	MIMAT0004777	
mir-513a-2	white	MI0003192	MIMAT0002877	MIMAT0004777	
mir-513b	white	MI0006648	MIMAT0005788	MIMAT0026749	
mir-513c	white	MI0006649	MIMAT0005789	MIMAT0022728	
mir-514a-1	white	MI0003198	MIMAT0022702	MIMAT0002883	
mir-514a-2	white	MI0003199	MIMAT0022702	MIMAT0002883	
mir-514b	white	MI0014251	MIMAT0015087	MIMAT0015088	
mir-515-1	white	MI0003144	MIMAT0002826	MIMAT0002827	
mir-515-2	white	MI0003147	MIMAT0002826	MIMAT0002827	
mir-516a-1	white	MI0003180	MIMAT0004770	MIMAT0006778	
mir-516a-2	white	MI0003181	MIMAT0004770	MIMAT0006778	
mir-516b-1	white	MI0003172	MIMAT0002859	MIMAT0002860	
mir-516b-2	white	MI0003167	MIMAT0002859	MIMAT0002860	
mir-517a	white	MI0003161	MIMAT0002851	MIMAT0002852	
mir-517b	white	MI0003165	MIMAT0002851	MIMAT0002857	
mir-517c	white	MI0003174	MIMAT0002851	MIMAT0002866	
mir-518a-1	white	MI0003170	MIMAT0005457	MIMAT0002863	
mir-518a-2	white	MI0003173	MIMAT0005457	MIMAT0002863	
mir-518b	white	MI0003156			MIMAT0002844
mir-518c	white	MI0003159	MIMAT0002847	MIMAT0002848	
mir-518d	white	MI0003171	MIMAT0005456	MIMAT0002864	
mir-518e	white	MI0003169	MIMAT0005450	MIMAT0002861	
mir-518f	white	MI0003154	MIMAT0002841	MIMAT0002842	
mir-519a-1	white	MI0003178	MIMAT0005452	MIMAT0002869	
mir-519a-2	white	MI0003182		MIMAT0002869	
mir-519b	white	MI0003151	MIMAT0005454	MIMAT0002837	
mir-519c	white	MI0003148	MIMAT0002831	MIMAT0002832	
mir-519d	white	MI0003162	MIMAT0026610	MIMAT0002853	
mir-519e	white	MI0003145	MIMAT0002828	MIMAT0002829	
mir-520a	white	MI0003149	MIMAT0002833	MIMAT0002834	
mir-520b	white	MI0003155			MIMAT0002843
mir-520c	white	MI0003158	MIMAT0005455	MIMAT0002846	
mir-520d	white	MI0003164	MIMAT0002855	MIMAT0002856	
mir-520e	white	MI0003143			MIMAT0002825
mir-520f	white	MI0003146	MIMAT0026609	MIMAT0002830	
mir-520g	white	MI0003166	MIMAT0026611	MIMAT0002858	
mir-520h	white	MI0003175			MIMAT0002867
mir-521-1	white	MI0003176			MIMAT0002854
mir-521-2	white	MI0003163			MIMAT0002854
mir-522	white	MI0003177	MIMAT0005451	MIMAT0002868	
mir-523	white	MI0003153	MIMAT0005449	MIMAT0002840	
mir-524	white	MI0003160	MIMAT0002849	MIMAT0002850	
mir-525	white	MI0003152	MIMAT0002838	MIMAT0002839	
mir-526a-1	white	MI0003157			MIMAT0002845
mir-526a-2	white	MI0003168			MIMAT0002845
mir-526b	white	MI0003150	MIMAT0002835	MIMAT0002836	
mir-527	white	MI0003179			MIMAT0002862
mir-532	white	MI0003205	MIMAT0002888	MIMAT0004780	
mir-539	white	MI0003514	MIMAT0003163	MIMAT0022705	
mir-541	white	MI0005539	MIMAT0004919	MIMAT0004920	
mir-542	white	MI0003686	MIMAT0003340	MIMAT0003389	
mir-543	white	MI0005565			MIMAT0004954
mir-544a	white	MI0003515			MIMAT0003164
mir-545	white	MI0003516	MIMAT0004785	MIMAT0003165	
mir-551a	white	MI0003556			MIMAT0003214
mir-551b	white	MI0003575	MIMAT0004794	MIMAT0003233	
mir-552	white	MI0003557	MIMAT0026615	MIMAT0003215	
mir-556	white	MI0003562	MIMAT0003220	MIMAT0004793	
mir-561	white	MI0003567	MIMAT0022706	MIMAT0003225	
mir-574	white	MI0003581	MIMAT0004795	MIMAT0003239	
mir-576	white	MI0003583	MIMAT0003241	MIMAT0004796	
mir-577	white	MI0003584			MIMAT0003242
mir-580	white	MI0003587	MIMAT0026617	MIMAT0003245	
mir-582	white	MI0003589	MIMAT0003247	MIMAT0004797	
mir-584	white	MI0003591	MIMAT0003249	MIMAT0022708	
mir-585	white	MI0003592	MIMAT0026618	MIMAT0003250	
mir-589	white	MI0003599	MIMAT0004799	MIMAT0003256	
mir-590	white	MI0003602	MIMAT0003258	MIMAT0004801	
mir-599	white	MI0003611			MIMAT0003267
mir-605	white	MI0003618	MIMAT0003273	MIMAT0026621	
mir-615	white	MI0003628	MIMAT0004804	MIMAT0003283	
mir-616	white	MI0003629	MIMAT0003284	MIMAT0004805	
mir-624	white	MI0003638	MIMAT0003293	MIMAT0004807	
mir-625	white	MI0003639	MIMAT0003294	MIMAT0004808	
mir-627	white	MI0003641	MIMAT0003296	MIMAT0026623	
mir-628	white	MI0003642	MIMAT0004809	MIMAT0003297	
mir-629	white	MI0003643	MIMAT0004810	MIMAT0003298	
mir-641	white	MI0003656			MIMAT0003311
mir-642a	white	MI0003657	MIMAT0003312	MIMAT0020924	
mir-651	white	MI0003666	MIMAT0003321	MIMAT0026624	
mir-652	white	MI0003667	MIMAT0022709	MIMAT0003322	
mir-653	white	MI0003674	MIMAT0003328	MIMAT0026625	
mir-654	white	MI0003676	MIMAT0003330	MIMAT0004814	
mir-655	white	MI0003677	MIMAT0026626	MIMAT0003331	
mir-656	white	MI0003678	MIMAT0026627	MIMAT0003332	
mir-660	white	MI0003684	MIMAT0003338	MIMAT0022711	
mir-670	white	MI0003933	MIMAT0010357	MIMAT0026640	
mir-671	white	MI0003760	MIMAT0003880	MIMAT0004819	
mir-675	white	MI0005416	MIMAT0004284	MIMAT0006790	
mir-676	white	MI0016436	MIMAT0018203	MIMAT0018204	
mir-708	white	MI0005543	MIMAT0004926	MIMAT0004927	
mir-744	white	MI0005559	MIMAT0004945	MIMAT0004946	
mir-758	white	MI0003757	MIMAT0022929	MIMAT0003879	
mir-760	white	MI0005567			MIMAT0004957
mir-769	white	MI0003834	MIMAT0003886	MIMAT0003887	
mir-802	white	MI0003906			MIMAT0004185
mir-873	white	MI0005564	MIMAT0004953	MIMAT0022717	
mir-874	white	MI0005532	MIMAT0026718	MIMAT0004911	
mir-875	white	MI0005541	MIMAT0004922	MIMAT0004923	
mir-885	white	MI0005560	MIMAT0004947	MIMAT0004948	
mir-887	white	MI0005562	MIMAT0026720	MIMAT0004951	
mir-888	white	MI0005537	MIMAT0004916	MIMAT0004917	
mir-889	white	MI0005540	MIMAT0026719	MIMAT0004921	
mir-890	white	MI0005533			MIMAT0004912
mir-892a	white	MI0005528			MIMAT0004907
mir-892b	white	MI0005538			MIMAT0004918
mir-892c	white	MI0022560	MIMAT0025857	MIMAT0025858	
mir-934	white	MI0005756			MIMAT0004977
mir-942	white	MI0005767	MIMAT0004985	MIMAT0026734	
mir-944	white	MI0005769			MIMAT0004987
mir-1179	white	MI0006272			MIMAT0005824
mir-1180	white	MI0006273	MIMAT0026735	MIMAT0005825	
mir-1185-1	white	MI0003844	MIMAT0005798	MIMAT0022838	
mir-1185-2	white	MI0003821	MIMAT0005798	MIMAT0022713	
mir-1193	white	MI0014205			MIMAT0015049
mir-1197	white	MI0006656			MIMAT0005955
mir-1245b	white	MI0017431	MIMAT0019950	MIMAT0019951	
mir-1247	white	MI0006382	MIMAT0005899	MIMAT0022721	
mir-1249	white	MI0006384	MIMAT0032029	MIMAT0005901	
mir-1251	white	MI0006386	MIMAT0005903	MIMAT0026741	
mir-1252	white	MI0006434	MIMAT0005944	MIMAT0026744	
mir-1256	white	MI0006390			MIMAT0005907
mir-1264	white	MI0003758			MIMAT0005791
mir-1266	white	MI0006403	MIMAT0005920	MIMAT0026742	
mir-1269a	white	MI0006406			MIMAT0005923
mir-1270	white	MI0006407			MIMAT0005924
mir-1271	white	MI0003814	MIMAT0005796	MIMAT0022712	
mir-1277	white	MI0006419	MIMAT0022724	MIMAT0005933	
mir-1278	white	MI0006425			MIMAT0005936
mir-1283-1	white	MI0003832			MIMAT0005799
mir-1283-2	white	MI0006430			MIMAT0005799
mir-1287	white	MI0006349	MIMAT0005878	MIMAT0026738	
mir-1295a	white	MI0006357			MIMAT0005885
mir-1296	white	MI0003780	MIMAT0005794	MIMAT0026637	
mir-1298	white	MI0003938	MIMAT0005800	MIMAT0026641	
mir-1301	white	MI0003815	MIMAT0026639	MIMAT0005797	
mir-1307	white	MI0006444	MIMAT0022727	MIMAT0005951	
mir-1343	white	MI0017320	MIMAT0027038	MIMAT0019776	
mir-1908	white	MI0008329	MIMAT0007881	MIMAT0026916	
mir-1911	white	MI0008332	MIMAT0007885	MIMAT0007886	
mir-1913	white	MI0008334			MIMAT0007888
mir-2115	white	MI0010634	MIMAT0011158	MIMAT0011159	
mir-2116	white	MI0010635	MIMAT0011160	MIMAT0011161	
mir-2277	white	MI0011284	MIMAT0017352	MIMAT0011777	
mir-2278	white	MI0011285			MIMAT0011778
mir-2355	white	MI0015873	MIMAT0016895	MIMAT0017950	
mir-2467	white	MI0017432	MIMAT0019952	MIMAT0019953	
mir-2681	white	MI0012062	MIMAT0013515	MIMAT0013516	
mir-3059*	white				
mir-3085*	white				
mir-3121	white	MI0014137	MIMAT0019199	MIMAT0014983	
mir-3126	white	MI0014143	MIMAT0014989	MIMAT0015377	
mir-3127	white	MI0014144	MIMAT0014990	MIMAT0019201	
mir-3140	white	MI0014163	MIMAT0019204	MIMAT0015008	
mir-3144	white	MI0014169	MIMAT0015014	MIMAT0015015	
mir-3145	white	MI0014170	MIMAT0019205	MIMAT0015016	
mir-3150b	white	MI0016426	MIMAT0019226	MIMAT0018194	
mir-3171	white	MI0014202			MIMAT0015046
mir-3173	white	MI0014204	MIMAT0019214	MIMAT0015048	
mir-3179-1	white	MI0014213			MIMAT0015056
mir-3180-1	white	MI0014214	MIMAT0015057	MIMAT0015058	
mir-3186	white	MI0014229	MIMAT0015067	MIMAT0015068	
mir-3187	white	MI0014231	MIMAT0019216	MIMAT0015069	
mir-3194	white	MI0014239	MIMAT0015078	MIMAT0019218	
mir-3200	white	MI0014249	MIMAT0017392	MIMAT0015085	
mir-3605	white	MI0015995	MIMAT0017981	MIMAT0017982	
mir-3611	white	MI0016001			MIMAT0017988
mir-3612	white	MI0016002			MIMAT0017989
mir-3613	white	MI0016003	MIMAT0017990	MIMAT0017991	
mir-3614	white	MI0016004	MIMAT0017992	MIMAT0017993	
mir-3617	white	MI0016007	MIMAT0017997	MIMAT0022966	
mir-3619	white	MI0016009	MIMAT0017999	MIMAT0019219	
mir-3622a	white	MI0016013	MIMAT0018003	MIMAT0018004	
mir-3681	white	MI0016082	MIMAT0018108	MIMAT0018109	
mir-3909	white	MI0016413			MIMAT0018183
mir-3918	white	MI0016424			MIMAT0018192
mir-3940	white	MI0016597	MIMAT0019229	MIMAT0018356	
mir-3942	white	MI0016599	MIMAT0018358	MIMAT0019230	
mir-3944	white	MI0016601	MIMAT0019231	MIMAT0018360	
mir-4424	white	MI0016763			MIMAT0018939
mir-4428	white	MI0016767			MIMAT0018943
mir-4524a	white	MI0016891	MIMAT0019062	MIMAT0019063	
mir-4640	white	MI0017267	MIMAT0019699	MIMAT0019700	
mir-4661	white	MI0017289	MIMAT0019729	MIMAT0019730	
mir-4662a	white	MI0017290	MIMAT0019731	MIMAT0019732	
mir-4664	white	MI0017294	MIMAT0019737	MIMAT0019738	
mir-4731	white	MI0017368	MIMAT0019853	MIMAT0019854	
mir-4761	white	MI0017402	MIMAT0019908	MIMAT0019909	
mir-4766	white	MI0017407	MIMAT0019917	MIMAT0019918	
mir-5009	white	MI0017877	MIMAT0021041	MIMAT0021042	
mir-5010	white	MI0017878	MIMAT0021043	MIMAT0021044	
mir-5194	white	MI0018173			MIMAT0021125
mir-5579	white	MI0019133	MIMAT0022269	MIMAT0022270	
mir-5581	white	MI0019136	MIMAT0022275	MIMAT0022276	
mir-5687	white	MI0019291			MIMAT0022478
mir-6720	white	MI0022555	MIMAT0027345	MIMAT0025851	
mir-451a	yellow	MI0001729			MIMAT0001631
mir-592	yellow	MI0003604			MIMAT0003260
mir-1306	yellow	MI0006443	MIMAT0022726	MIMAT0005950	
mir-3618	yellow	MI0016008			MIMAT0017998
mir-323b	purple	MI0014206	MIMAT0001630	MIMAT0015050	
mir-378b	purple	MI0014154			MIMAT0014999
mir-378d-1	purple	MI0016749			MIMAT0018926
mir-378e	purple	MI0016750			MIMAT0018927
mir-378f	purple	MI0016756			MIMAT0018932
mir-378h	purple	MI0016808			MIMAT0018984
mir-378i	purple	MI0016902			MIMAT0019074
mir-378j	purple	MI0021273			MIMAT0024612
mir-422a	purple	MI0001444			MIMAT0001339
mir-498	purple	MI0003142			MIMAT0002824
mir-544b	purple	MI0014159			MIMAT0015004
mir-553	purple	MI0003558			MIMAT0003216
mir-557	purple	MI0003563			MIMAT0003221
mir-559	purple	MI0003565			MIMAT0003223
mir-562	purple	MI0003568			MIMAT0003226
mir-568	purple	MI0003574			MIMAT0003232
mir-569	purple	MI0003576			MIMAT0003234
mir-571	purple	MI0003578			MIMAT0003236
mir-573	purple	MI0003580			MIMAT0003238
mir-586	purple	MI0003594			MIMAT0003252
mir-587	purple	MI0003595			MIMAT0003253
mir-588	purple	MI0003597			MIMAT0003255
mir-591	purple	MI0003603			MIMAT0003259
mir-595	purple	MI0003607			MIMAT0003263
mir-596	purple	MI0003608			MIMAT0003264
mir-601	purple	MI0003614			MIMAT0003269
mir-602	purple	MI0003615			MIMAT0003270
mir-606	purple	MI0003619			MIMAT0003274
mir-609	purple	MI0003622			MIMAT0003277
mir-610	purple	MI0003623			MIMAT0003278
mir-613	purple	MI0003626			MIMAT0003281
mir-617	purple	MI0003631			MIMAT0003286
mir-618	purple	MI0003632			MIMAT0003287
mir-621	purple	MI0003635			MIMAT0003290
mir-623	purple	MI0003637			MIMAT0003292
mir-626	purple	MI0003640			MIMAT0003295
mir-631	purple	MI0003645			MIMAT0003300
mir-633	purple	MI0003648			MIMAT0003303
mir-634	purple	MI0003649			MIMAT0003304
mir-637	purple	MI0003652			MIMAT0003307
mir-642b	purple	MI0016685	MIMAT0022736	MIMAT0018444	
mir-644a	purple	MI0003659			MIMAT0003314
mir-647	purple	MI0003662			MIMAT0003317
mir-648	purple	MI0003663			MIMAT0003318
mir-649	purple	MI0003664			MIMAT0003319
mir-661	purple	MI0003669			MIMAT0003324
mir-759	purple	MI0004065			MIMAT0010497
mir-766	purple	MI0003836	MIMAT0022714	MIMAT0003888	
mir-767	purple	MI0003763	MIMAT0003882	MIMAT0003883	
mir-770	purple	MI0005118	MIMAT0003948		
mir-891a	purple	MI0005524	MIMAT0004902	MIMAT0026717	
mir-891b	purple	MI0005534			MIMAT0004913
mir-921	purple	MI0005713			MIMAT0004971
mir-922	purple	MI0005714			MIMAT0004972
mir-924	purple	MI0005716			MIMAT0004974
mir-936	purple	MI0005758			MIMAT0004979
mir-938	purple	MI0005760			MIMAT0004981
mir-943	purple	MI0005768			MIMAT0004986
mir-1184-1	purple	MI0006277			MIMAT0005829
mir-1200	purple	MI0006332			MIMAT0005863
mir-1229	purple	MI0006319	MIMAT0022942	MIMAT0005584	
mir-1253	purple	MI0006387			MIMAT0005904
mir-1257	purple	MI0006391			MIMAT0005908
mir-1258	purple	MI0006392			MIMAT0005909
mir-1263	purple	MI0006398			MIMAT0005915
mir-1265	purple	MI0006401			MIMAT0005918
mir-1276	purple	MI0006416			MIMAT0005930
mir-1284	purple	MI0006431			MIMAT0005941
mir-1286	purple	MI0006348			MIMAT0005877
mir-1289-1	purple	MI0006350			MIMAT0005879
mir-1289-2	purple	MI0006351			MIMAT0005879
mir-1290	purple	MI0006352			MIMAT0005880
mir-1294	purple	MI0006356			MIMAT0005884
mir-1299	purple	MI0006359			MIMAT0005887
mir-1305	purple	MI0006372			MIMAT0005893
mir-1323	purple	MI0003786			MIMAT0005795
mir-1324	purple	MI0006657			MIMAT0005956
mir-1468	purple	MI0003782	MIMAT0006789	MIMAT0026638	
mir-1471	purple	MI0007076			MIMAT0007349
mir-1539	purple	MI0007260			MIMAT0007401
mir-1827	purple	MI0008195			MIMAT0006767
mir-1910	purple	MI0008331	MIMAT0007884	MIMAT0026917	
mir-1912	purple	MI0008333			MIMAT0007887
mir-2053	purple	MI0010487			MIMAT0009978
mir-2054	purple	MI0010488			MIMAT0009979
mir-2113	purple	MI0003939			MIMAT0009206
mir-2117	purple	MI0010636			MIMAT0011162
mir-2392	purple	MI0016870			MIMAT0019043
mir-2909	purple	MI0013083			MIMAT0013863
mir-3115	purple	MI0014127			MIMAT0014977
mir-3116-1	purple	MI0014128			MIMAT0014978
mir-3117	purple	MI0014130	MIMAT0019197	MIMAT0014979	
mir-3118-1	purple	MI0014131			MIMAT0014980
mir-3118-2	purple	MI0014132			MIMAT0014980
mir-3119-1	purple	MI0014134			MIMAT0014981
mir-3119-2	purple	MI0014135			MIMAT0014981
mir-3128	purple	MI0014145			MIMAT0014991
mir-3130-1	purple	MI0014147	MIMAT0014995	MIMAT0014994	
mir-3131	purple	MI0014151			MIMAT0014996
mir-3132	purple	MI0014152			MIMAT0014997
mir-3133	purple	MI0014153			MIMAT0014998
mir-3136	purple	MI0014158	MIMAT0015003	MIMAT0019203	
mir-3137	purple	MI0014160			MIMAT0015005
mir-3139	purple	MI0014162			MIMAT0015007
mir-3146	purple	MI0014172			MIMAT0015018
mir-3147	purple	MI0014173			MIMAT0015019
mir-3148	purple	MI0014175			MIMAT0015021
mir-3149	purple	MI0014176			MIMAT0015022
mir-3151	purple	MI0014178	MIMAT0015024	MIMAT0027026	
mir-3153	purple	MI0014180			MIMAT0015026
mir-3156-1	purple	MI0014184	MIMAT0015030	MIMAT0019209	
mir-3156-2	purple	MI0014230	MIMAT0015030	MIMAT0019209	
mir-3156-3	purple	MI0014242	MIMAT0015030		
mir-3158-1	purple	MI0014186	MIMAT0019211	MIMAT0015032	
mir-3161	purple	MI0014191			MIMAT0015035
mir-3163	purple	MI0014193			MIMAT0015037
mir-3164	purple	MI0014194			MIMAT0015038
mir-3165	purple	MI0014195			MIMAT0015039
mir-3167	purple	MI0014198			MIMAT0015042
mir-3169	purple	MI0014200			MIMAT0015044
mir-3170	purple	MI0014201			MIMAT0015045
mir-3174	purple	MI0014208			MIMAT0015051
mir-3181	purple	MI0014223			MIMAT0015061
mir-3183	purple	MI0014225			MIMAT0015063
mir-3185	purple	MI0014227			MIMAT0015065
mir-3621	purple	MI0016012			MIMAT0018002
mir-3650	purple	MI0016050			MIMAT0018070
mir-3660	purple	MI0016061			MIMAT0018081
mir-3662	purple	MI0016063			MIMAT0018083
mir-3663	purple	MI0016064	MIMAT0018084	MIMAT0018085	
mir-3668	purple	MI0016069			MIMAT0018091
mir-3672	purple	MI0016073			MIMAT0018095
mir-3679	purple	MI0016080	MIMAT0018104	MIMAT0018105	
mir-3683	purple	MI0016084			MIMAT0018111
mir-3684	purple	MI0016085			MIMAT0018112
mir-3686	purple	MI0016087			MIMAT0018114
mir-3688-1	purple	MI0016089	MIMAT0019223	MIMAT0018116	
mir-3690-1	purple	MI0016091			MIMAT0018119
mir-3713	purple	MI0016134			MIMAT0018164
mir-3714	purple	MI0016135			MIMAT0018165
mir-3910-1	purple	MI0016414			MIMAT0018184
mir-3911	purple	MI0016415			MIMAT0018185
mir-3915	purple	MI0016420			MIMAT0018189
mir-3919	purple	MI0016425			MIMAT0018193
mir-3920	purple	MI0016427			MIMAT0018195
mir-3923	purple	MI0016430			MIMAT0018198
mir-3924	purple	MI0016432			MIMAT0018199
mir-3927	purple	MI0016435	MIMAT0022970	MIMAT0018202	
mir-3935	purple	MI0016591			MIMAT0018350
mir-3936	purple	MI0016592			MIMAT0018351
mir-3937	purple	MI0016593			MIMAT0018352
mir-3938	purple	MI0016594			MIMAT0018353
mir-3943	purple	MI0016600			MIMAT0018359
mir-3972	purple	MI0016990			MIMAT0019357
mir-3975	purple	MI0016993			MIMAT0019360
mir-4268	purple	MI0015874			MIMAT0016896
mir-4270	purple	MI0015878			MIMAT0016900
mir-4277	purple	MI0015886			MIMAT0016908
mir-4280	purple	MI0015889			MIMAT0016911
mir-4301	purple	MI0015828			MIMAT0016850
mir-4313	purple	MI0015843			MIMAT0016865
mir-4327	purple	MI0015867			MIMAT0016889
mir-4420	purple	MI0016757			MIMAT0018933
mir-4421	purple	MI0016758			MIMAT0018934
mir-4425	purple	MI0016764			MIMAT0018940
mir-4427	purple	MI0016766			MIMAT0018942
mir-4429	purple	MI0016768			MIMAT0018944
mir-4435-1	purple	MI0016775			MIMAT0018951
mir-4435-2	purple	MI0016777			MIMAT0018951
mir-4438	purple	MI0016781			MIMAT0018956
mir-4439	purple	MI0016782			MIMAT0018957
mir-4440	purple	MI0016783			MIMAT0018958
mir-4450	purple	MI0016795			MIMAT0018971
mir-4457	purple	MI0016803			MIMAT0018979
mir-4458	purple	MI0016804			MIMAT0018980
mir-4460	purple	MI0016806			MIMAT0018982
mir-4462	purple	MI0016810			MIMAT0018986
mir-4465	purple	MI0016816			MIMAT0018992
mir-4467	purple	MI0016818			MIMAT0018994
mir-4469	purple	MI0016820			MIMAT0018996
mir-4471	purple	MI0016822			MIMAT0018998
mir-4475	purple	MI0016827			MIMAT0019002
mir-4477a	purple	MI0016829			MIMAT0019004
mir-4480	purple	MI0016841			MIMAT0019014
mir-4482	purple	MI0016843	MIMAT0019016	MIMAT0020958	
mir-4490	purple	MI0016852			MIMAT0019025
mir-4493	purple	MI0016855			MIMAT0019028
mir-4494	purple	MI0016856			MIMAT0019029
mir-4495	purple	MI0016857			MIMAT0019030
mir-4498	purple	MI0016860			MIMAT0019033
mir-4501	purple	MI0016864			MIMAT0019037
mir-4503	purple	MI0016866			MIMAT0019039
mir-4506	purple	MI0016869			MIMAT0019042
mir-4507	purple	MI0016871			MIMAT0019044
mir-4509-1	purple	MI0016873			MIMAT0019046
mir-4517	purple	MI0016883			MIMAT0019054
mir-4523	purple	MI0016890			MIMAT0019061
mir-4526	purple	MI0016893			MIMAT0019065
mir-4527	purple	MI0016894			MIMAT0019066
mir-4528	purple	MI0016895			MIMAT0019067
mir-4635	purple	MI0017262			MIMAT0019692
mir-4637	purple	MI0017264			MIMAT0019694
mir-4641	purple	MI0017268			MIMAT0019701
mir-4642	purple	MI0017269			MIMAT0019702
mir-4643	purple	MI0017270			MIMAT0019703
mir-4644	purple	MI0017271			MIMAT0019704
mir-4651	purple	MI0017279			MIMAT0019715
mir-4654	purple	MI0017282			MIMAT0019720
mir-4656	purple	MI0017284			MIMAT0019723
mir-4663	purple	MI0017292			MIMAT0019735
mir-4669	purple	MI0017300			MIMAT0019749
mir-4672	purple	MI0017303			MIMAT0019754
mir-4673	purple	MI0017304			MIMAT0019755
mir-4675	purple	MI0017306			MIMAT0019757
mir-4677	purple	MI0017308	MIMAT0019760	MIMAT0019761	
mir-4678	purple	MI0017309			MIMAT0019762
mir-4681	purple	MI0017313			MIMAT0019766
mir-4682	purple	MI0017314			MIMAT0019767
mir-4684	purple	MI0017316	MIMAT0019769	MIMAT0019770	
mir-4686	purple	MI0017318			MIMAT0019773
mir-4689	purple	MI0017322			MIMAT0019778
mir-4696	purple	MI0017329			MIMAT0019790
mir-4698	purple	MI0017331			MIMAT0019793
mir-4703	purple	MI0017336	MIMAT0019801	MIMAT0019802	
mir-4705	purple	MI0017338			MIMAT0019805
mir-4706	purple	MI0017339			MIMAT0019806
mir-4712	purple	MI0017346	MIMAT0019818	MIMAT0019819	
mir-4718	purple	MI0017353			MIMAT0019831
mir-4719	purple	MI0017354			MIMAT0019832
mir-4721	purple	MI0017356			MIMAT0019835
mir-4725	purple	MI0017362	MIMAT0019843	MIMAT0019844	
mir-4727	purple	MI0017364	MIMAT0019847	MIMAT0019848	
mir-4730	purple	MI0017367			MIMAT0019852
mir-4734	purple	MI0017371			MIMAT0019859
mir-4739	purple	MI0017377			MIMAT0019868
mir-4741	purple	MI0017379			MIMAT0019871
mir-4744	purple	MI0017382			MIMAT0019875
mir-4748	purple	MI0017387			MIMAT0019884
mir-4751	purple	MI0017390			MIMAT0019888
mir-4752	purple	MI0017391			MIMAT0019889
mir-4754	purple	MI0017394			MIMAT0019894
mir-4756	purple	MI0017397	MIMAT0019899	MIMAT0019900	
mir-4759	purple	MI0017400			MIMAT0019905
mir-4765	purple	MI0017406			MIMAT0019916
mir-4773-1	purple	MI0017415			MIMAT0019928
mir-4779	purple	MI0017423			MIMAT0019938
mir-4780	purple	MI0017424			MIMAT0019939
mir-4784	purple	MI0017429			MIMAT0019948
mir-4788	purple	MI0017435			MIMAT0019958
mir-4794	purple	MI0017441			MIMAT0019967
mir-4798	purple	MI0017445	MIMAT0019974	MIMAT0019975	
mir-4801	purple	MI0017449			MIMAT0019980
mir-4803	purple	MI0017451			MIMAT0019983
mir-5000	purple	MI0017866	MIMAT0021019	MIMAT0021020	
mir-5002	purple	MI0017868	MIMAT0021023	MIMAT0021024	
mir-5003	purple	MI0017869	MIMAT0021025	MIMAT0021026	
mir-5004	purple	MI0017870	MIMAT0021027	MIMAT0021028	
mir-5007	purple	MI0017874	MIMAT0021035	MIMAT0021036	
mir-5087	purple	MI0017976			MIMAT0021079
mir-5092	purple	MI0017981			MIMAT0021084
mir-5093	purple	MI0017982			MIMAT0021085
mir-5094	purple	MI0017983			MIMAT0021086
mir-5186	purple	MI0018165			MIMAT0021116
mir-5190	purple	MI0018169			MIMAT0021121
mir-5195	purple	MI0018174	MIMAT0021126	MIMAT0021127	
mir-5580	purple	MI0019135	MIMAT0022273	MIMAT0022274	
mir-5582	purple	MI0019138	MIMAT0022279	MIMAT0022280	
mir-5584	purple	MI0019141	MIMAT0022283	MIMAT0022284	
mir-5586	purple	MI0019143	MIMAT0022287	MIMAT0022288	
mir-5587	purple	MI0019144	MIMAT0022289	MIMAT0022290	
mir-5588	purple	MI0019147	MIMAT0022295	MIMAT0022296	
mir-5591	purple	MI0019151	MIMAT0022301	MIMAT0022302	
mir-5681a	purple	MI0019281			MIMAT0022469
mir-5685	purple	MI0019287			MIMAT0022475
mir-5688	purple	MI0019292			MIMAT0022479
mir-5691	purple	MI0019296			MIMAT0022483
mir-5693	purple	MI0019300			MIMAT0022486
mir-5700	purple	MI0019307			MIMAT0022493
mir-5702	purple	MI0019309			MIMAT0022495
mir-5704	purple	MI0019312			MIMAT0022498
mir-5705	purple	MI0019313			MIMAT0022499
mir-5706	purple	MI0019314			MIMAT0022500
mir-5707	purple	MI0019315			MIMAT0022501
mir-6070	purple	MI0020347			MIMAT0023695
mir-6072	purple	MI0020349			MIMAT0023697
mir-6074	purple	MI0020351			MIMAT0023699
mir-6079	purple	MI0020356			MIMAT0023704
mir-6081	purple	MI0020358			MIMAT0023706
mir-6086	purple	MI0020363			MIMAT0023711
mir-6129	purple	MI0021274			MIMAT0024613
mir-6499	purple	MI0022209	MIMAT0025450	MIMAT0025451	
mir-6509	purple	MI0022221	MIMAT0025474	MIMAT0025475	
mir-6739	purple	MI0022584	MIMAT0027379	MIMAT0027380	
mir-6746	purple	MI0022591	MIMAT0027392	MIMAT0027393	
mir-6748	purple	MI0022593	MIMAT0027396	MIMAT0027397	
mir-6755	purple	MI0022600	MIMAT0027410	MIMAT0027411	
mir-6770-1	purple	MI0022615	MIMAT0027440	MIMAT0027441	
mir-6851	purple	MI0022697	MIMAT0027602	MIMAT0027603	
mir-7973-1	purple	MI0025748			MIMAT0031176
mir-6718	purple	MI0022553	MIMAT0025849		
mir-6721	purple	MI0022556	MIMAT0025852		
mir-7706	purple	MI0025242			MIMAT0030021
mir-23c	rejected	MI0016010			MIMAT0018000
mir-147a	rejected	MI0000262			MIMAT0000251
mir-151b	rejected	MI0003772			MIMAT0010214
mir-198	rejected	MI0000240			MIMAT0000228
mir-297	rejected	MI0005775			MIMAT0004450
mir-298	rejected	MI0005523			MIMAT0004901
mir-300	rejected	MI0005525			MIMAT0004903
mir-302e	rejected	MI0006417			MIMAT0005931
mir-302f	rejected	MI0006418			MIMAT0005932
mir-320a	rejected	MI0000542			MIMAT0000510
mir-320b-1	rejected	MI0003776			MIMAT0005792
mir-320b-2	rejected	MI0003839			MIMAT0005792
mir-320c-1	rejected	MI0003778			MIMAT0005793
mir-320c-2	rejected	MI0008191			MIMAT0005793
mir-320d-1	rejected	MI0008190			MIMAT0006764
mir-320d-2	rejected	MI0008192			MIMAT0006764
mir-320e	rejected	MI0014234			MIMAT0015072
mir-378c	rejected	MI0015825			MIMAT0016847
mir-378d-2	rejected	MI0003840			MIMAT0018926
mir-378g	rejected	MI0016761			MIMAT0018937
mir-384	rejected	MI0001145			MIMAT0001075
mir-466	rejected	MI0014157			MIMAT0015002
mir-484	rejected	MI0002468			MIMAT0002174
mir-492	rejected	MI0003131			MIMAT0002812
mir-548	rejected				
mir-549a	rejected	MI0003679			MIMAT0003333
mir-550a-1	rejected	MI0003600	MIMAT0004800	MIMAT0003257	
mir-550a-2	rejected	MI0003601	MIMAT0004800	MIMAT0003257	
mir-550a-3	rejected	MI0003762	MIMAT0020925	MIMAT0003257	
mir-550b-1	rejected	MI0016686	MIMAT0022737	MIMAT0018445	
mir-550b-2	rejected	MI0016687	MIMAT0022737	MIMAT0018445	
mir-554	rejected	MI0003559			MIMAT0003217
mir-555	rejected	MI0003561			MIMAT0003219
mir-558	rejected	MI0003564			MIMAT0003222
mir-563	rejected	MI0003569			MIMAT0003227
mir-564	rejected	MI0003570			MIMAT0003228
mir-566	rejected	MI0003572			MIMAT0003230
mir-567	rejected	MI0003573			MIMAT0003231
mir-570	rejected	MI0003577	MIMAT0022707	MIMAT0003235	
mir-572	rejected	MI0003579			MIMAT0003237
mir-575	rejected	MI0003582			MIMAT0003240
mir-578	rejected	MI0003585			MIMAT0003243
mir-579	rejected	MI0003586	MIMAT0026616	MIMAT0003244	
mir-581	rejected	MI0003588			MIMAT0003246
mir-583	rejected	MI0003590			MIMAT0003248
mir-593	rejected	MI0003605	MIMAT0003261	MIMAT0004802	
mir-597	rejected	MI0003609	MIMAT0003265	MIMAT0026619	
mir-598	rejected	MI0003610	MIMAT0026620	MIMAT0003266	
mir-600	rejected	MI0003613			MIMAT0003268
mir-603	rejected	MI0003616			MIMAT0003271
mir-604	rejected	MI0003617			MIMAT0003272
mir-607	rejected	MI0003620			MIMAT0003275
mir-608	rejected	MI0003621			MIMAT0003276
mir-611	rejected	MI0003624			MIMAT0003279
mir-612	rejected	MI0003625			MIMAT0003280
mir-614	rejected	MI0003627			MIMAT0003282
mir-619	rejected	MI0003633	MIMAT0026622	MIMAT0003288	
mir-620	rejected	MI0003634			MIMAT0003289
mir-622	rejected	MI0003636			MIMAT0003291
mir-630	rejected	MI0003644			MIMAT0003299
mir-632	rejected	MI0003647			MIMAT0003302
mir-635	rejected	MI0003650			MIMAT0003305
mir-636	rejected	MI0003651			MIMAT0003306
mir-638	rejected	MI0003653			MIMAT0003308
mir-639	rejected	MI0003654			MIMAT0003309
mir-640	rejected	MI0003655			MIMAT0003310
mir-643	rejected	MI0003658			MIMAT0003313
mir-645	rejected	MI0003660			MIMAT0003315
mir-646	rejected	MI0003661			MIMAT0003316
mir-650	rejected	MI0003665			MIMAT0003320
mir-657	rejected	MI0003681			MIMAT0003335
mir-658	rejected	MI0003682			MIMAT0003336
mir-659	rejected	MI0003683	MIMAT0022710	MIMAT0003337	
mir-662	rejected	MI0003670			MIMAT0003325
mir-663a	rejected	MI0003672			MIMAT0003326
mir-663b	rejected	MI0006336			MIMAT0005867
mir-664a	rejected	MI0006442	MIMAT0005948	MIMAT0005949	
mir-664b	rejected	MI0019134	MIMAT0022271	MIMAT0022272	
mir-665	rejected	MI0005563			MIMAT0004952
mir-668	rejected	MI0003761	MIMAT0026636	MIMAT0003881	
mir-711	rejected	MI0012488			MIMAT0012734
mir-718	rejected	MI0012489			MIMAT0012735
mir-761	rejected	MI0003941			MIMAT0010364
mir-762	rejected	MI0003892			MIMAT0010313
mir-764	rejected	MI0003944			MIMAT0010367
mir-765	rejected	MI0005116			MIMAT0003945
mir-876	rejected	MI0005542	MIMAT0004924	MIMAT0004925	
mir-877	rejected	MI0005561	MIMAT0004949	MIMAT0004950	
mir-920	rejected	MI0005712			MIMAT0004970
mir-933	rejected	MI0005755			MIMAT0004976
mir-935	rejected	MI0005757			MIMAT0004978
mir-937	rejected	MI0005759	MIMAT0022938	MIMAT0004980	
mir-939	rejected	MI0005761	MIMAT0004982	MIMAT0022939	
mir-940	rejected	MI0005762			MIMAT0004983
mir-941-1	rejected	MI0005763			MIMAT0004984
mir-941-2	rejected	MI0005764			MIMAT0004984
mir-941-3	rejected	MI0005765			MIMAT0004984
mir-941-4	rejected	MI0005766			MIMAT0004984
mir-941-5	rejected	MI0031520			MIMAT0004984
mir-1178	rejected	MI0006271	MIMAT0022940	MIMAT0005823	
mir-1181	rejected	MI0006274			MIMAT0005826
mir-1182	rejected	MI0006275			MIMAT0005827
mir-1183	rejected	MI0006276			MIMAT0005828
mir-1199	rejected	MI0020340	MIMAT0031119	MIMAT0031120	
mir-1202	rejected	MI0006334			MIMAT0005865
mir-1203	rejected	MI0006335			MIMAT0005866
mir-1204	rejected	MI0006337			MIMAT0005868
mir-1205	rejected	MI0006338			MIMAT0005869
mir-1206	rejected	MI0006339			MIMAT0005870
mir-1207	rejected	MI0006340	MIMAT0005871	MIMAT0005872	
mir-1208	rejected	MI0006341			MIMAT0005873
mir-1224	rejected	MI0003764	MIMAT0005458	MIMAT0005459	
mir-1225	rejected	MI0006311	MIMAT0005572	MIMAT0005573	
mir-1226	rejected	MI0006313	MIMAT0005576	MIMAT0005577	
mir-1227	rejected	MI0006316	MIMAT0022941	MIMAT0005580	
mir-1228	rejected	MI0006318	MIMAT0005582	MIMAT0005583	
mir-1231	rejected	MI0006321			MIMAT0005586
mir-1233-1	rejected	MI0006323	MIMAT0022943	MIMAT0005588	
mir-1233-2	rejected	MI0015973	MIMAT0022943	MIMAT0005588	
mir-1234	rejected	MI0006324		MIMAT0005589	
mir-1236	rejected	MI0006326	MIMAT0022945	MIMAT0005591	
mir-1237	rejected	MI0006327	MIMAT0022946	MIMAT0005592	
mir-1238	rejected	MI0006328	MIMAT0022947	MIMAT0005593	
mir-1243	rejected	MI0006373			MIMAT0005894
mir-1244-1	rejected	MI0006379			MIMAT0005896
mir-1244-2	rejected	MI0015974			MIMAT0005896
mir-1244-3	rejected	MI0015975			MIMAT0005896
mir-1244-4	rejected	MI0031511			MIMAT0005896
mir-1246	rejected	MI0006381			MIMAT0005898
mir-1248	rejected	MI0006383			MIMAT0005900
mir-1250	rejected	MI0006385	MIMAT0005902	MIMAT0026740	
mir-1254-1	rejected	MI0006388			MIMAT0005905
mir-1254-2	rejected	MI0016747			MIMAT0005905
mir-1255a	rejected	MI0006389			MIMAT0005906
mir-1255b-1	rejected	MI0006435	MIMAT0005945		
mir-1255b-2	rejected	MI0006436	MIMAT0005945	MIMAT0022725	
mir-1260a	rejected	MI0006394			MIMAT0005911
mir-1260b	rejected	MI0014197			MIMAT0015041
mir-1261	rejected	MI0006396			MIMAT0005913
mir-1262	rejected	MI0006397			MIMAT0005914
mir-1267	rejected	MI0006404			MIMAT0005921
mir-1268a	rejected	MI0006405			MIMAT0005922
mir-1268b	rejected	MI0016748			MIMAT0018925
mir-1269b	rejected	MI0016888			MIMAT0019059
mir-1272	rejected	MI0006408			MIMAT0005925
mir-1273a	rejected	MI0006409			MIMAT0005926
mir-1273c	rejected	MI0014171			MIMAT0015017
mir-1273d	rejected	MI0014254			MIMAT0015090
mir-1273e	rejected	MI0016059			MIMAT0018079
mir-1273f	rejected	MI0018002			MIMAT0020601
mir-1273g	rejected	MI0018003	MIMAT0020602	MIMAT0022742	
mir-1273h	rejected	MI0025512	MIMAT0030415	MIMAT0030416	
mir-1275	rejected	MI0006415			MIMAT0005929
mir-1279	rejected	MI0006426			MIMAT0005937
mir-1281	rejected	MI0006428			MIMAT0005939
mir-1282	rejected	MI0006429			MIMAT0005940
mir-1285-1	rejected	MI0006346	MIMAT0022719	MIMAT0005876	
mir-1285-2	rejected	MI0006347		MIMAT0005876	
mir-1288	rejected	MI0006432	MIMAT0026743	MIMAT0005942	
mir-1291	rejected	MI0006353			MIMAT0005881
mir-1292	rejected	MI0006433	MIMAT0005943	MIMAT0022948	
mir-1293	rejected	MI0006355			MIMAT0005883
mir-1295b	rejected	MI0019146	MIMAT0022293	MIMAT0022294	
mir-1297	rejected	MI0006358			MIMAT0005886
mir-1302-1	rejected	MI0006362			MIMAT0005890
mir-1302-2	rejected	MI0006363			MIMAT0005890
mir-1302-3	rejected	MI0006364			MIMAT0005890
mir-1302-4	rejected	MI0006365			MIMAT0005890
mir-1302-5	rejected	MI0006366			MIMAT0005890
mir-1302-6	rejected	MI0006367			MIMAT0005890
mir-1302-7	rejected	MI0006368			MIMAT0005890
mir-1302-8	rejected	MI0006369			MIMAT0005890
mir-1302-9	rejected	MI0015978			MIMAT0005890
mir-1302-10	rejected	MI0015979			MIMAT0005890
mir-1302-11	rejected	MI0015980			MIMAT0005890
mir-1303	rejected	MI0006370			MIMAT0005891
mir-1304	rejected	MI0006371	MIMAT0005892	MIMAT0022720	
mir-1321	rejected	MI0006652			MIMAT0005952
mir-1322	rejected	MI0006653			MIMAT0005953
mir-1469	rejected	MI0007074			MIMAT0007347
mir-1470	rejected	MI0007075			MIMAT0007348
mir-1537	rejected	MI0007258	MIMAT0026765	MIMAT0007399	
mir-1538	rejected	MI0007259			MIMAT0007400
mir-1587	rejected	MI0016905			MIMAT0019077
mir-1825	rejected	MI0008193			MIMAT0006765
mir-1909	rejected	MI0008330	MIMAT0007882	MIMAT0007883	
mir-1914	rejected	MI0008335	MIMAT0007889	MIMAT0007890	
mir-1915	rejected	MI0008336	MIMAT0007891	MIMAT0007892	
mir-1972-1	rejected	MI0009982			MIMAT0009447
mir-1972-2	rejected	MI0015977			MIMAT0009447
mir-1973	rejected	MI0009983			MIMAT0009448
mir-1976	rejected	MI0009986			MIMAT0009451
mir-2052	rejected	MI0010486			MIMAT0009977
mir-2110	rejected	MI0010629			MIMAT0010133
mir-2114	rejected	MI0010633	MIMAT0011156	MIMAT0011157	
mir-2276	rejected	MI0011282	MIMAT0026921	MIMAT0011775	
mir-2682	rejected	MI0012063	MIMAT0013517	MIMAT0013518	
mir-2861	rejected	MI0013006			MIMAT0013802
mir-3064	rejected	MI0017375	MIMAT0019864	MIMAT0019865	
mir-3122	rejected	MI0014138			MIMAT0014984
mir-3123	rejected	MI0014139			MIMAT0014985
mir-3124	rejected	MI0014140	MIMAT0014986	MIMAT0019200	
mir-3125	rejected	MI0014142			MIMAT0014988
mir-3129	rejected	MI0014146	MIMAT0014992	MIMAT0019202	
mir-3134	rejected	MI0014155			MIMAT0015000
mir-3135a	rejected	MI0014156			MIMAT0015001
mir-3135b	rejected	MI0016809			MIMAT0018985
mir-3138	rejected	MI0014161			MIMAT0015006
mir-3141	rejected	MI0014165			MIMAT0015010
mir-3142	rejected	MI0014166			MIMAT0015011
mir-3143	rejected	MI0014167			MIMAT0015012
mir-3152	rejected	MI0014179	MIMAT0019207	MIMAT0015025	
mir-3154	rejected	MI0014182			MIMAT0015028
mir-3155a	rejected	MI0014183			MIMAT0015029
mir-3157	rejected	MI0014185	MIMAT0015031	MIMAT0019210	
mir-3159	rejected	MI0014188			MIMAT0015033
mir-3160-1	rejected	MI0014189	MIMAT0019212	MIMAT0015034	
mir-3162	rejected	MI0014192	MIMAT0015036	MIMAT0019213	
mir-3166	rejected	MI0014196			MIMAT0015040
mir-3168	rejected	MI0014199			MIMAT0015043
mir-3175	rejected	MI0014209			MIMAT0015052
mir-3176	rejected	MI0014210			MIMAT0015053
mir-3177	rejected	MI0014211	MIMAT0019215	MIMAT0015054	
mir-3178	rejected	MI0014212			MIMAT0015055
mir-3180-4	rejected	MI0016408			MIMAT0018178
mir-3180-5	rejected	MI0016409			MIMAT0018178
mir-3182	rejected	MI0014224			MIMAT0015062
mir-3184	rejected	MI0014226	MIMAT0015064	MIMAT0022731	
mir-3188	rejected	MI0014232			MIMAT0015070
mir-3189	rejected	MI0014233	MIMAT0019217	MIMAT0015071	
mir-3190	rejected	MI0014235	MIMAT0015073	MIMAT0022839	
mir-3191	rejected	MI0014236	MIMAT0022732	MIMAT0015075	
mir-3192	rejected	MI0014237	MIMAT0015076	MIMAT0027027	
mir-3193	rejected	MI0014238			MIMAT0015077
mir-3195	rejected	MI0014240			MIMAT0015079
mir-3196	rejected	MI0014241			MIMAT0015080
mir-3197	rejected	MI0014245			MIMAT0015082
mir-3198-1	rejected	MI0014246			MIMAT0015083
mir-3198-2	rejected	MI0017335			MIMAT0015083
mir-3199-1	rejected	MI0014247			MIMAT0015084
mir-3199-2	rejected	MI0014248			MIMAT0015084
mir-3201	rejected	MI0014250			MIMAT0015086
mir-3202-1	rejected	MI0014252			MIMAT0015089
mir-3202-2	rejected	MI0014253			MIMAT0015089
mir-3606	rejected	MI0015996	MIMAT0017983	MIMAT0022965	
mir-3607	rejected	MI0015997	MIMAT0017984	MIMAT0017985	
mir-3609	rejected	MI0015999			MIMAT0017986
mir-3610	rejected	MI0016000			MIMAT0017987
mir-3615	rejected	MI0016005			MIMAT0017994
mir-3616	rejected	MI0016006	MIMAT0017995	MIMAT0017996	
mir-3620	rejected	MI0016011	MIMAT0022967	MIMAT0018001	
mir-3646	rejected	MI0016046			MIMAT0018065
mir-3648-1	rejected	MI0016048			MIMAT0018068
mir-3648-2	rejected	MI0031512			MIMAT0018068
mir-3649	rejected	MI0016049			MIMAT0018069
mir-3651	rejected	MI0016051			MIMAT0018071
mir-3652	rejected	MI0016052			MIMAT0018072
mir-3653	rejected	MI0016053	MIMAT0032110	MIMAT0018073	
mir-3654	rejected	MI0016054			MIMAT0018074
mir-3655	rejected	MI0016055			MIMAT0018075
mir-3656	rejected	MI0016056			MIMAT0018076
mir-3657	rejected	MI0016057			MIMAT0018077
mir-3658	rejected	MI0016058			MIMAT0018078
mir-3659	rejected	MI0016060			MIMAT0018080
mir-3661	rejected	MI0016062			MIMAT0018082
mir-3664	rejected	MI0016065	MIMAT0018086	MIMAT0019220	
mir-3665	rejected	MI0016066			MIMAT0018087
mir-3666	rejected	MI0016067			MIMAT0018088
mir-3667	rejected	MI0016068	MIMAT0018089	MIMAT0018090	
mir-3670-1	rejected	MI0016071			MIMAT0018093
mir-3670-2	rejected	MI0019112			MIMAT0018093
mir-3670-3	rejected	MI0031513			MIMAT0018093
mir-3670-4	rejected	MI0031514			MIMAT0018093
mir-3671	rejected	MI0016072			MIMAT0018094
mir-3674	rejected	MI0016075			MIMAT0018097
mir-3675	rejected	MI0016076	MIMAT0018098	MIMAT0018099	
mir-3677	rejected	MI0016078	MIMAT0019221	MIMAT0018101	
mir-3678	rejected	MI0016079	MIMAT0018102	MIMAT0018103	
mir-3680-1	rejected	MI0016081	MIMAT0018106	MIMAT0018107	
mir-3680-2	rejected	MI0019113	MIMAT0018106	MIMAT0018107	
mir-3682	rejected	MI0016083	MIMAT0019222	MIMAT0018110	
mir-3685	rejected	MI0016086			MIMAT0018113
mir-3687-1	rejected	MI0016088			MIMAT0018115
mir-3687-2	rejected	MI0031515			MIMAT0018115
mir-3689a	rejected	MI0016090	MIMAT0018117	MIMAT0018118	
mir-3689b	rejected	MI0016411	MIMAT0018180	MIMAT0018181	
mir-3689c	rejected	MI0016832			MIMAT0019007
mir-3689d-1	rejected	MI0016834			MIMAT0019008
mir-3689d-2	rejected	MI0016835			MIMAT0019008
mir-3689e	rejected	MI0016836			MIMAT0019009
mir-3689f	rejected	MI0016837			MIMAT0019010
mir-3691	rejected	MI0016092	MIMAT0018120	MIMAT0019224	
mir-3692	rejected	MI0016093	MIMAT0018121	MIMAT0018122	
mir-3907	rejected	MI0016410			MIMAT0018179
mir-3908	rejected	MI0016412			MIMAT0018182
mir-3912	rejected	MI0016416	MIMAT0027036	MIMAT0018186	
mir-3913-1	rejected	MI0016417	MIMAT0018187	MIMAT0019225	
mir-3913-2	rejected	MI0016418	MIMAT0018187	MIMAT0019225	
mir-3914-1	rejected	MI0016419			MIMAT0018188
mir-3916	rejected	MI0016422			MIMAT0018190
mir-3917	rejected	MI0016423			MIMAT0018191
mir-3921	rejected	MI0016428			MIMAT0018196
mir-3922	rejected	MI0016429	MIMAT0019227	MIMAT0018197	
mir-3925	rejected	MI0016433	MIMAT0018200	MIMAT0019228	
mir-3926-1	rejected	MI0016434			MIMAT0018201
mir-3928	rejected	MI0016438	MIMAT0027037	MIMAT0018205	
mir-3929	rejected	MI0016439			MIMAT0018206
mir-3934	rejected	MI0016590	MIMAT0018349	MIMAT0022975	
mir-3939	rejected	MI0016596			MIMAT0018355
mir-3941	rejected	MI0016598			MIMAT0018357
mir-3945	rejected	MI0016602			MIMAT0018361
mir-3960	rejected	MI0016964			MIMAT0019337
mir-3973	rejected	MI0016991			MIMAT0019358
mir-3974	rejected	MI0016992			MIMAT0019359
mir-3976	rejected	MI0016994			MIMAT0019361
mir-3977	rejected	MI0016995			MIMAT0019362
mir-3978	rejected	MI0016996			MIMAT0019363
mir-4251	rejected	MI0015861			MIMAT0016883
mir-4252	rejected	MI0015864			MIMAT0016886
mir-4253	rejected	MI0015860			MIMAT0016882
mir-4254	rejected	MI0015862			MIMAT0016884
mir-4255	rejected	MI0015863			MIMAT0016885
mir-4256	rejected	MI0015855			MIMAT0016877
mir-4257	rejected	MI0015856			MIMAT0016878
mir-4258	rejected	MI0015857			MIMAT0016879
mir-4259	rejected	MI0015858			MIMAT0016880
mir-4260	rejected	MI0015859			MIMAT0016881
mir-4261	rejected	MI0015868			MIMAT0016890
mir-4262	rejected	MI0015872			MIMAT0016894
mir-4263	rejected	MI0015876			MIMAT0016898
mir-4264	rejected	MI0015877			MIMAT0016899
mir-4265	rejected	MI0015869			MIMAT0016891
mir-4266	rejected	MI0015870			MIMAT0016892
mir-4267	rejected	MI0015871			MIMAT0016893
mir-4269	rejected	MI0015875			MIMAT0016897
mir-4271	rejected	MI0015879			MIMAT0016901
mir-4272	rejected	MI0015880			MIMAT0016902
mir-4273	rejected	MI0015881			MIMAT0016903
mir-4274	rejected	MI0015884			MIMAT0016906
mir-4275	rejected	MI0015883			MIMAT0016905
mir-4276	rejected	MI0015882			MIMAT0016904
mir-4278	rejected	MI0015888			MIMAT0016910
mir-4279	rejected	MI0015887			MIMAT0016909
mir-4281	rejected	MI0015885			MIMAT0016907
mir-4282	rejected	MI0015890			MIMAT0016912
mir-4283-1	rejected	MI0015892			MIMAT0016914
mir-4283-2	rejected	MI0015982			MIMAT0016914
mir-4284	rejected	MI0015893			MIMAT0016915
mir-4285	rejected	MI0015891			MIMAT0016913
mir-4286	rejected	MI0015894			MIMAT0016916
mir-4287	rejected	MI0015895			MIMAT0016917
mir-4288	rejected	MI0015896			MIMAT0016918
mir-4289	rejected	MI0015898			MIMAT0016920
mir-4290	rejected	MI0015899			MIMAT0016921
mir-4291	rejected	MI0015900			MIMAT0016922
mir-4292	rejected	MI0015897			MIMAT0016919
mir-4293	rejected	MI0015826			MIMAT0016848
mir-4294	rejected	MI0015827			MIMAT0016849
mir-4295	rejected	MI0015822			MIMAT0016844
mir-4296	rejected	MI0015823			MIMAT0016845
mir-4297	rejected	MI0015824			MIMAT0016846
mir-4298	rejected	MI0015830			MIMAT0016852
mir-4299	rejected	MI0015829			MIMAT0016851
mir-4300	rejected	MI0015831			MIMAT0016853
mir-4302	rejected	MI0015833			MIMAT0016855
mir-4303	rejected	MI0015834			MIMAT0016856
mir-4304	rejected	MI0015832			MIMAT0016854
mir-4305	rejected	MI0015835			MIMAT0016857
mir-4306	rejected	MI0015836			MIMAT0016858
mir-4307	rejected	MI0015838			MIMAT0016860
mir-4308	rejected	MI0015839			MIMAT0016861
mir-4309	rejected	MI0015837			MIMAT0016859
mir-4310	rejected	MI0015840			MIMAT0016862
mir-4311	rejected	MI0015841			MIMAT0016863
mir-4312	rejected	MI0015842			MIMAT0016864
mir-4314	rejected	MI0015846			MIMAT0016868
mir-4315-1	rejected	MI0015844			MIMAT0016866
mir-4315-2	rejected	MI0015983			MIMAT0016866
mir-4316	rejected	MI0015845			MIMAT0016867
mir-4317	rejected	MI0015850			MIMAT0016872
mir-4318	rejected	MI0015847			MIMAT0016869
mir-4319	rejected	MI0015848			MIMAT0016870
mir-4320	rejected	MI0015849			MIMAT0016871
mir-4321	rejected	MI0015852			MIMAT0016874
mir-4322	rejected	MI0015851			MIMAT0016873
mir-4323	rejected	MI0015853			MIMAT0016875
mir-4324	rejected	MI0015854			MIMAT0016876
mir-4325	rejected	MI0015865			MIMAT0016887
mir-4326	rejected	MI0015866			MIMAT0016888
mir-4328	rejected	MI0015904			MIMAT0016926
mir-4329	rejected	MI0015901			MIMAT0016923
mir-4330	rejected	MI0015902			MIMAT0016924
mir-4417	rejected	MI0016753			MIMAT0018929
mir-4418	rejected	MI0016754			MIMAT0018930
mir-4419a	rejected	MI0016755			MIMAT0018931
mir-4419b	rejected	MI0016861			MIMAT0019034
mir-4422	rejected	MI0016759			MIMAT0018935
mir-4423	rejected	MI0016760	MIMAT0019232	MIMAT0018936	
mir-4426	rejected	MI0016765			MIMAT0018941
mir-4430	rejected	MI0016769			MIMAT0018945
mir-4431	rejected	MI0016771			MIMAT0018947
mir-4432	rejected	MI0016772			MIMAT0018948
mir-4433	rejected				
mir-4434	rejected	MI0016774			MIMAT0018950
mir-4436a	rejected	MI0016776			MIMAT0018952
mir-4436b-1	rejected	MI0017425	MIMAT0019940	MIMAT0019941	
mir-4436b-2	rejected	MI0019110	MIMAT0019940	MIMAT0019941	
mir-4437	rejected	MI0016778			MIMAT0018953
mir-4441	rejected	MI0016784			MIMAT0018959
mir-4442	rejected	MI0016785			MIMAT0018960
mir-4443	rejected	MI0016786			MIMAT0018961
mir-4444-1	rejected	MI0016787			MIMAT0018962
mir-4444-2	rejected	MI0019111			MIMAT0018962
mir-4445	rejected	MI0016788	MIMAT0018963	MIMAT0018964	
mir-4446	rejected	MI0016789	MIMAT0019233	MIMAT0018965	
mir-4447	rejected	MI0016790			MIMAT0018966
mir-4448	rejected	MI0016791			MIMAT0018967
mir-4449	rejected	MI0016792			MIMAT0018968
mir-4451	rejected	MI0016797			MIMAT0018973
mir-4452	rejected	MI0016798			MIMAT0018974
mir-4453	rejected	MI0016799			MIMAT0018975
mir-4454	rejected	MI0016800			MIMAT0018976
mir-4455	rejected	MI0016801			MIMAT0018977
mir-4456	rejected	MI0016802			MIMAT0018978
mir-4459	rejected	MI0016805			MIMAT0018981
mir-4461	rejected	MI0016807			MIMAT0018983
mir-4463	rejected	MI0016811			MIMAT0018987
mir-4464	rejected	MI0016812			MIMAT0018988
mir-4466	rejected	MI0016817			MIMAT0018993
mir-4468	rejected	MI0016819			MIMAT0018995
mir-4470	rejected	MI0016821			MIMAT0018997
mir-4472-1	rejected	MI0016823			MIMAT0018999
mir-4472-2	rejected	MI0016824			MIMAT0018999
mir-4473	rejected	MI0016825			MIMAT0019000
mir-4474	rejected	MI0016826	MIMAT0019234	MIMAT0019001	
mir-4476	rejected	MI0016828			MIMAT0019003
mir-4478	rejected	MI0016831			MIMAT0019006
mir-4479	rejected	MI0016838			MIMAT0019011
mir-4481	rejected	MI0016842			MIMAT0019015
mir-4483	rejected	MI0016844			MIMAT0019017
mir-4484	rejected	MI0016845			MIMAT0019018
mir-4485	rejected	MI0016846	MIMAT0032116	MIMAT0019019	
mir-4486	rejected	MI0016847			MIMAT0019020
mir-4487	rejected	MI0016848			MIMAT0019021
mir-4488	rejected	MI0016849			MIMAT0019022
mir-4489	rejected	MI0016850			MIMAT0019023
mir-4491	rejected	MI0016853			MIMAT0019026
mir-4492	rejected	MI0016854			MIMAT0019027
mir-4496	rejected	MI0016858			MIMAT0019031
mir-4497	rejected	MI0016859			MIMAT0019032
mir-4499	rejected	MI0016862			MIMAT0019035
mir-4500	rejected	MI0016863			MIMAT0019036
mir-4502	rejected	MI0016865			MIMAT0019038
mir-4504	rejected	MI0016867			MIMAT0019040
mir-4505	rejected	MI0016868			MIMAT0019041
mir-4508	rejected	MI0016872			MIMAT0019045
mir-4510	rejected	MI0016876			MIMAT0019047
mir-4511	rejected	MI0016877			MIMAT0019048
mir-4512	rejected	MI0016878			MIMAT0019049
mir-4513	rejected	MI0016879			MIMAT0019050
mir-4514	rejected	MI0016880			MIMAT0019051
mir-4515	rejected	MI0016881			MIMAT0019052
mir-4516	rejected	MI0016882			MIMAT0019053
mir-4518	rejected	MI0016884			MIMAT0019055
mir-4519	rejected	MI0016885			MIMAT0019056
mir-4520-1	rejected	MI0016886	MIMAT0019235	MIMAT0019057	
mir-4520-2	rejected	MI0017358	MIMAT0019235	MIMAT0020300	
mir-4521	rejected	MI0016887			MIMAT0019058
mir-4522	rejected	MI0016889			MIMAT0019060
mir-4525	rejected	MI0016892			MIMAT0019064
mir-4529	rejected	MI0016896	MIMAT0019236	MIMAT0019068	
mir-4530	rejected	MI0016897			MIMAT0019069
mir-4531	rejected	MI0016898			MIMAT0019070
mir-4532	rejected	MI0016899			MIMAT0019071
mir-4533	rejected	MI0016900			MIMAT0019072
mir-4534	rejected	MI0016901			MIMAT0019073
mir-4535	rejected	MI0016903			MIMAT0019075
mir-4536-1	rejected	MI0016906	MIMAT0019078	MIMAT0020959	
mir-4536-2	rejected	MI0019149	MIMAT0019078	MIMAT0020959	
mir-4537	rejected	MI0016908			MIMAT0019080
mir-4538	rejected	MI0016909			MIMAT0019081
mir-4539	rejected	MI0016910			MIMAT0019082
mir-4540	rejected	MI0016911			MIMAT0019083
mir-4632	rejected	MI0017259	MIMAT0022977	MIMAT0019688	
mir-4633	rejected	MI0017260	MIMAT0019689	MIMAT0019690	
mir-4634	rejected	MI0017261			MIMAT0019691
mir-4636	rejected	MI0017263			MIMAT0019693
mir-4638	rejected	MI0017265	MIMAT0019695	MIMAT0019696	
mir-4639	rejected	MI0017266	MIMAT0019697	MIMAT0019698	
mir-4645	rejected	MI0017272	MIMAT0019705	MIMAT0019706	
mir-4646	rejected	MI0017273	MIMAT0019707	MIMAT0019708	
mir-4647	rejected	MI0017274			MIMAT0019709
mir-4648	rejected	MI0017275			MIMAT0019710
mir-4649	rejected	MI0017276	MIMAT0019711	MIMAT0019712	
mir-4650-1	rejected	MI0017277	MIMAT0019713	MIMAT0019714	
mir-4650-2	rejected	MI0017278	MIMAT0019713	MIMAT0019714	
mir-4652	rejected	MI0017280	MIMAT0019716	MIMAT0019717	
mir-4653	rejected	MI0017281	MIMAT0019718	MIMAT0019719	
mir-4655	rejected	MI0017283	MIMAT0019721	MIMAT0019722	
mir-4657	rejected	MI0017285			MIMAT0019724
mir-4658	rejected	MI0017286			MIMAT0019725
mir-4659a	rejected	MI0017287	MIMAT0019726	MIMAT0019727	
mir-4660	rejected	MI0017288			MIMAT0019728
mir-4665	rejected	MI0017295	MIMAT0019739	MIMAT0019740	
mir-4666a	rejected	MI0017296	MIMAT0019741	MIMAT0019742	
mir-4666b	rejected	MI0019299			MIMAT0022485
mir-4667	rejected	MI0017297	MIMAT0019743	MIMAT0019744	
mir-4668	rejected	MI0017298	MIMAT0019745	MIMAT0019746	
mir-4670	rejected	MI0017301	MIMAT0019750	MIMAT0019751	
mir-4671	rejected	MI0017302	MIMAT0019752	MIMAT0019753	
mir-4674	rejected	MI0017305			MIMAT0019756
mir-4676	rejected	MI0017307	MIMAT0019758	MIMAT0019759	
mir-4679-1	rejected	MI0017310			MIMAT0019763
mir-4680	rejected	MI0017312	MIMAT0019764	MIMAT0019765	
mir-4683	rejected	MI0017315			MIMAT0019768
mir-4685	rejected	MI0017317	MIMAT0019771	MIMAT0019772	
mir-4687	rejected	MI0017319	MIMAT0019774	MIMAT0019775	
mir-4688	rejected	MI0017321			MIMAT0019777
mir-4690	rejected	MI0017323	MIMAT0019779	MIMAT0019780	
mir-4691	rejected	MI0017324	MIMAT0019781	MIMAT0019782	
mir-4692	rejected	MI0017325			MIMAT0019783
mir-4693	rejected	MI0017326	MIMAT0019784	MIMAT0019785	
mir-4694	rejected	MI0017327	MIMAT0019786	MIMAT0019787	
mir-4695	rejected	MI0017328	MIMAT0019788	MIMAT0019789	
mir-4697	rejected	MI0017330	MIMAT0019791	MIMAT0019792	
mir-4699	rejected	MI0017332	MIMAT0019794	MIMAT0019795	
mir-4700	rejected	MI0017333	MIMAT0019796	MIMAT0019797	
mir-4701	rejected	MI0017334	MIMAT0019798	MIMAT0019799	
mir-4704	rejected	MI0017337	MIMAT0019803	MIMAT0019804	
mir-4707	rejected	MI0017340	MIMAT0019807	MIMAT0019808	
mir-4708	rejected	MI0017341	MIMAT0019809	MIMAT0019810	
mir-4709	rejected	MI0017342	MIMAT0019811	MIMAT0019812	
mir-4710	rejected	MI0017344			MIMAT0019815
mir-4711	rejected	MI0017345	MIMAT0019816	MIMAT0019817	
mir-4713	rejected	MI0017347	MIMAT0019820	MIMAT0019821	
mir-4714	rejected	MI0017348	MIMAT0019822	MIMAT0019823	
mir-4715	rejected	MI0017349	MIMAT0019824	MIMAT0019825	
mir-4716	rejected	MI0017350	MIMAT0019826	MIMAT0019827	
mir-4717	rejected	MI0017352	MIMAT0019829	MIMAT0019830	
mir-4720	rejected	MI0017355	MIMAT0019833	MIMAT0019834	
mir-4722	rejected	MI0017357	MIMAT0019836	MIMAT0019837	
mir-4723	rejected	MI0017359	MIMAT0019838	MIMAT0019839	
mir-4724	rejected	MI0017361	MIMAT0019841	MIMAT0019842	
mir-4726	rejected	MI0017363	MIMAT0019845	MIMAT0019846	
mir-4728	rejected	MI0017365	MIMAT0019849	MIMAT0019850	
mir-4729	rejected	MI0017366			MIMAT0019851
mir-4732	rejected	MI0017369	MIMAT0019855	MIMAT0019856	
mir-4733	rejected	MI0017370	MIMAT0019857	MIMAT0019858	
mir-4735	rejected	MI0017372	MIMAT0019860	MIMAT0019861	
mir-4736	rejected	MI0017373			MIMAT0019862
mir-4737	rejected	MI0017374			MIMAT0019863
mir-4738	rejected	MI0017376	MIMAT0019866	MIMAT0019867	
mir-4740	rejected	MI0017378	MIMAT0019869	MIMAT0019870	
mir-4742	rejected	MI0017380	MIMAT0019872	MIMAT0019873	
mir-4743	rejected	MI0017381	MIMAT0019874	MIMAT0022978	
mir-4745	rejected	MI0017384	MIMAT0019878	MIMAT0019879	
mir-4746	rejected	MI0017385	MIMAT0019880	MIMAT0019881	
mir-4747	rejected	MI0017386	MIMAT0019882	MIMAT0019883	
mir-4749	rejected	MI0017388	MIMAT0019885	MIMAT0019886	
mir-4750	rejected	MI0017389	MIMAT0019887	MIMAT0022979	
mir-4753	rejected	MI0017392	MIMAT0019890	MIMAT0019891	
mir-4755	rejected	MI0017395	MIMAT0019895	MIMAT0019896	
mir-4757	rejected	MI0017398	MIMAT0019901	MIMAT0019902	
mir-4758	rejected	MI0017399	MIMAT0019903	MIMAT0019904	
mir-4760	rejected	MI0017401	MIMAT0019906	MIMAT0019907	
mir-4762	rejected	MI0017403	MIMAT0019910	MIMAT0019911	
mir-4763	rejected	MI0017404	MIMAT0019912	MIMAT0019913	
mir-4764	rejected	MI0017405	MIMAT0019914	MIMAT0019915	
mir-4767	rejected	MI0017408			MIMAT0019919
mir-4768	rejected	MI0017409	MIMAT0019920	MIMAT0019921	
mir-4769	rejected	MI0017410	MIMAT0019922	MIMAT0019923	
mir-4770	rejected	MI0017411			MIMAT0019924
mir-4771-1	rejected	MI0017412			MIMAT0019925
mir-4771-2	rejected	MI0017413			MIMAT0019925
mir-4772	rejected	MI0017414	MIMAT0019926	MIMAT0019927	
mir-4774	rejected	MI0017417	MIMAT0019929	MIMAT0019930	
mir-4775	rejected	MI0017418			MIMAT0019931
mir-4776-1	rejected	MI0017419	MIMAT0019932	MIMAT0019933	
mir-4777	rejected	MI0017421	MIMAT0019934	MIMAT0019935	
mir-4778	rejected	MI0017422	MIMAT0019936	MIMAT0019937	
mir-4781	rejected	MI0017426	MIMAT0019942	MIMAT0019943	
mir-4782	rejected	MI0017427	MIMAT0019944	MIMAT0019945	
mir-4783	rejected	MI0017428	MIMAT0019946	MIMAT0019947	
mir-4785	rejected	MI0017430			MIMAT0019949
mir-4786	rejected	MI0017433	MIMAT0019954	MIMAT0019955	
mir-4787	rejected	MI0017434	MIMAT0019956	MIMAT0019957	
mir-4789	rejected	MI0017436	MIMAT0019959	MIMAT0019960	
mir-4790	rejected	MI0017437	MIMAT0019961	MIMAT0019962	
mir-4791	rejected	MI0017438			MIMAT0019963
mir-4792	rejected	MI0017439			MIMAT0019964
mir-4793	rejected	MI0017440	MIMAT0019965	MIMAT0019966	
mir-4795	rejected	MI0017442	MIMAT0019968	MIMAT0019969	
mir-4796	rejected	MI0017443	MIMAT0019970	MIMAT0019971	
mir-4797	rejected	MI0017444	MIMAT0019972	MIMAT0019973	
mir-4799	rejected	MI0017446	MIMAT0019976	MIMAT0019977	
mir-4800	rejected	MI0017448	MIMAT0019978	MIMAT0019979	
mir-4802	rejected	MI0017450	MIMAT0019981	MIMAT0019982	
mir-4804	rejected	MI0017452	MIMAT0019984	MIMAT0019985	
mir-4999	rejected	MI0017865	MIMAT0021017	MIMAT0021018	
mir-5001	rejected	MI0017867	MIMAT0021021	MIMAT0021022	
mir-5006	rejected	MI0017873	MIMAT0021033	MIMAT0021034	
mir-5008	rejected	MI0017876	MIMAT0021039	MIMAT0021040	
mir-5011	rejected	MI0017879	MIMAT0021045	MIMAT0021046	
mir-5047	rejected	MI0017932			MIMAT0020541
mir-5088	rejected	MI0017977	MIMAT0021080	MIMAT0027041	
mir-5089	rejected	MI0017978	MIMAT0021081	MIMAT0022984	
mir-5090	rejected	MI0017979			MIMAT0021082
mir-5091	rejected	MI0017980			MIMAT0021083
mir-5095	rejected	MI0018001			MIMAT0020600
mir-5096	rejected	MI0018004			MIMAT0020603
mir-5100	rejected	MI0019116			MIMAT0022259
mir-5187	rejected	MI0018166	MIMAT0021117	MIMAT0021118	
mir-5188	rejected	MI0018167			MIMAT0021119
mir-5189	rejected	MI0018168	MIMAT0021120	MIMAT0027088	
mir-5191	rejected	MI0018170			MIMAT0021122
mir-5192	rejected	MI0018171			MIMAT0021123
mir-5193	rejected	MI0018172			MIMAT0021124
mir-5196	rejected	MI0018175	MIMAT0021128	MIMAT0021129	
mir-5197	rejected	MI0018176	MIMAT0021130	MIMAT0021131	
mir-5571	rejected	MI0019115	MIMAT0022257	MIMAT0022258	
mir-5572	rejected	MI0019117			MIMAT0022260
mir-5583-1	rejected	MI0019139	MIMAT0022281	MIMAT0022282	
mir-5585	rejected	MI0019142	MIMAT0022285	MIMAT0022286	
mir-5589	rejected	MI0019148	MIMAT0022297	MIMAT0022298	
mir-5590	rejected	MI0019150	MIMAT0022299	MIMAT0022300	
mir-5680	rejected	MI0019280			MIMAT0022468
mir-5682	rejected	MI0019282			MIMAT0022470
mir-5683	rejected	MI0019284			MIMAT0022472
mir-5684	rejected	MI0019285			MIMAT0022473
mir-5689	rejected	MI0019294			MIMAT0022481
mir-5690	rejected	MI0019295			MIMAT0022482
mir-5692a-1	rejected	MI0019297			MIMAT0022484
mir-5692a-2	rejected	MI0019298			MIMAT0022484
mir-5692b	rejected	MI0019311			MIMAT0022497
mir-5692c-1	rejected	MI0019288			MIMAT0022476
mir-5692c-2	rejected	MI0019289			MIMAT0022476
mir-5694	rejected	MI0019301			MIMAT0022487
mir-5695	rejected	MI0019302			MIMAT0022488
mir-5696	rejected	MI0019303			MIMAT0022489
mir-5697	rejected	MI0019304			MIMAT0022490
mir-5698	rejected	MI0019305			MIMAT0022491
mir-5699	rejected	MI0019306	MIMAT0027103	MIMAT0022492	
mir-5701-1	rejected	MI0019308			MIMAT0022494
mir-5701-2	rejected	MI0019593			MIMAT0022494
mir-5701-3	rejected	MI0031522			MIMAT0022494
mir-5703	rejected	MI0019310			MIMAT0022496
mir-5708	rejected	MI0019316			MIMAT0022502
mir-5739	rejected	MI0019412			MIMAT0023116
mir-5787	rejected	MI0019797			MIMAT0023252
mir-6068	rejected	MI0020345			MIMAT0023693
mir-6069	rejected	MI0020346			MIMAT0023694
mir-6071	rejected	MI0020348			MIMAT0023696
mir-6073	rejected	MI0020350			MIMAT0023698
mir-6075	rejected	MI0020352			MIMAT0023700
mir-6076	rejected	MI0020353			MIMAT0023701
mir-6077	rejected	MI0020354			MIMAT0023702
mir-6078	rejected	MI0020355			MIMAT0023703
mir-6080	rejected	MI0020357			MIMAT0023705
mir-6082	rejected	MI0020359			MIMAT0023707
mir-6083	rejected	MI0020360			MIMAT0023708
mir-6084	rejected	MI0020361			MIMAT0023709
mir-6085	rejected	MI0020362			MIMAT0023710
mir-6087	rejected	MI0020364			MIMAT0023712
mir-6088	rejected	MI0020365			MIMAT0023713
mir-6089-1	rejected	MI0020366			MIMAT0023714
mir-6089-2	rejected	MI0023563			MIMAT0023714
mir-6090	rejected	MI0020367			MIMAT0023715
mir-6124	rejected	MI0021258			MIMAT0024597
mir-6125	rejected	MI0021259			MIMAT0024598
mir-6126	rejected	MI0021260			MIMAT0024599
mir-6127	rejected	MI0021271			MIMAT0024610
mir-6128	rejected	MI0021272			MIMAT0024611
mir-6130	rejected	MI0021275			MIMAT0024614
mir-6131	rejected	MI0021276			MIMAT0024615
mir-6132	rejected	MI0021277			MIMAT0024616
mir-6133	rejected	MI0021278			MIMAT0024617
mir-6134	rejected	MI0021279			MIMAT0024618
mir-6165	rejected	MI0021472			MIMAT0024782
mir-6500	rejected	MI0022211	MIMAT0025454	MIMAT0025455	
mir-6501	rejected	MI0022213	MIMAT0025458	MIMAT0025459	
mir-6502	rejected	MI0022214	MIMAT0025460	MIMAT0025461	
mir-6503	rejected	MI0022215	MIMAT0025462	MIMAT0025463	
mir-6504	rejected	MI0022216	MIMAT0025464	MIMAT0025465	
mir-6505	rejected	MI0022217	MIMAT0025466	MIMAT0025467	
mir-6506	rejected	MI0022218	MIMAT0025468	MIMAT0025469	
mir-6507	rejected	MI0022219	MIMAT0025470	MIMAT0025471	
mir-6508	rejected	MI0022220	MIMAT0025472	MIMAT0025473	
mir-6510	rejected	MI0022222	MIMAT0025476	MIMAT0025477	
mir-6511a-1	rejected	MI0022223	MIMAT0025478	MIMAT0025479	
mir-6511a-2	rejected	MI0023564	MIMAT0025478	MIMAT0025479	
mir-6511a-3	rejected	MI0023565	MIMAT0025478	MIMAT0025479	
mir-6511a-4	rejected	MI0023566	MIMAT0025478	MIMAT0025479	
mir-6511b-1	rejected	MI0022552	MIMAT0025847	MIMAT0025848	
mir-6511b-2	rejected	MI0023431	MIMAT0025847	MIMAT0025848	
mir-6512	rejected	MI0022224	MIMAT0025480	MIMAT0025481	
mir-6513	rejected	MI0022225	MIMAT0025482	MIMAT0025483	
mir-6514	rejected	MI0022226	MIMAT0025484	MIMAT0025485	
mir-6515	rejected	MI0022227	MIMAT0025486	MIMAT0025487	
mir-6516	rejected	MI0025513	MIMAT0030417	MIMAT0030418	
mir-6715b	rejected	MI0022549	MIMAT0025842	MIMAT0025843	
mir-6716	rejected	MI0022550	MIMAT0025844	MIMAT0025845	
mir-6717	rejected	MI0022551	MIMAT0025846		
mir-6719	rejected	MI0022554		MIMAT0025850	
mir-6722	rejected	MI0022557	MIMAT0025853	MIMAT0025854	
mir-6723	rejected	MI0022558	MIMAT0025855		
mir-6724-1	rejected	MI0022559	MIMAT0025856		
mir-6724-2	rejected	MI0031516	MIMAT0025856		
mir-6724-3	rejected	MI0031517	MIMAT0025856		
mir-6724-4	rejected	MI0031518	MIMAT0025856		
mir-6726	rejected	MI0022571	MIMAT0027353	MIMAT0027354	
mir-6727	rejected	MI0022572	MIMAT0027355	MIMAT0027356	
mir-6728	rejected	MI0022573	MIMAT0027357	MIMAT0027358	
mir-6729	rejected	MI0022574	MIMAT0027359	MIMAT0027360	
mir-6730	rejected	MI0022575	MIMAT0027361	MIMAT0027362	
mir-6731	rejected	MI0022576	MIMAT0027363	MIMAT0027364	
mir-6732	rejected	MI0022577	MIMAT0027365	MIMAT0027366	
mir-6733	rejected	MI0022578	MIMAT0027367	MIMAT0027368	
mir-6734	rejected	MI0022579	MIMAT0027369	MIMAT0027370	
mir-6735	rejected	MI0022580	MIMAT0027371	MIMAT0027372	
mir-6736	rejected	MI0022581	MIMAT0027373	MIMAT0027374	
mir-6737	rejected	MI0022582	MIMAT0027375	MIMAT0027376	
mir-6738	rejected	MI0022583	MIMAT0027377	MIMAT0027378	
mir-6740	rejected	MI0022585	MIMAT0027381	MIMAT0027382	
mir-6741	rejected	MI0022586	MIMAT0027383	MIMAT0027384	
mir-6742	rejected	MI0022587	MIMAT0027385	MIMAT0027386	
mir-6743	rejected	MI0022588	MIMAT0027387	MIMAT0027388	
mir-6744	rejected	MI0022589	MIMAT0027389	MIMAT0027390	
mir-6745	rejected	MI0022590			MIMAT0027391
mir-6747	rejected	MI0022592	MIMAT0027394	MIMAT0027395	
mir-6749	rejected	MI0022594	MIMAT0027398	MIMAT0027399	
mir-6750	rejected	MI0022595	MIMAT0027400	MIMAT0027401	
mir-6751	rejected	MI0022596	MIMAT0027402	MIMAT0027403	
mir-6752	rejected	MI0022597	MIMAT0027404	MIMAT0027405	
mir-6753	rejected	MI0022598	MIMAT0027406	MIMAT0027407	
mir-6754	rejected	MI0022599	MIMAT0027408	MIMAT0027409	
mir-6756	rejected	MI0022601	MIMAT0027412	MIMAT0027413	
mir-6757	rejected	MI0022602	MIMAT0027414	MIMAT0027415	
mir-6758	rejected	MI0022603	MIMAT0027416	MIMAT0027417	
mir-6759	rejected	MI0022604	MIMAT0027418	MIMAT0027419	
mir-6760	rejected	MI0022605	MIMAT0027420	MIMAT0027421	
mir-6761	rejected	MI0022606	MIMAT0027422	MIMAT0027423	
mir-6762	rejected	MI0022607	MIMAT0027424	MIMAT0027425	
mir-6763	rejected	MI0022608	MIMAT0027426	MIMAT0027427	
mir-6764	rejected	MI0022609	MIMAT0027428	MIMAT0027429	
mir-6765	rejected	MI0022610	MIMAT0027430	MIMAT0027431	
mir-6766	rejected	MI0022611	MIMAT0027432	MIMAT0027433	
mir-6767	rejected	MI0022612	MIMAT0027434	MIMAT0027435	
mir-6768	rejected	MI0022613	MIMAT0027436	MIMAT0027437	
mir-6769a	rejected	MI0022614	MIMAT0027438	MIMAT0027439	
mir-6769b	rejected	MI0022706	MIMAT0027620	MIMAT0027621	
mir-6771	rejected	MI0022616	MIMAT0027442	MIMAT0027443	
mir-6772	rejected	MI0022617	MIMAT0027444	MIMAT0027445	
mir-6773	rejected	MI0022618	MIMAT0027446	MIMAT0027447	
mir-6774	rejected	MI0022619	MIMAT0027448	MIMAT0027449	
mir-6775	rejected	MI0022620	MIMAT0027450	MIMAT0027451	
mir-6776	rejected	MI0022621	MIMAT0027452	MIMAT0027453	
mir-6777	rejected	MI0022622	MIMAT0027454	MIMAT0027455	
mir-6778	rejected	MI0022623	MIMAT0027456	MIMAT0027457	
mir-6779	rejected	MI0022624	MIMAT0027458	MIMAT0027459	
mir-6780a	rejected	MI0022625	MIMAT0027460	MIMAT0027461	
mir-6780b	rejected	MI0022681	MIMAT0027572	MIMAT0027573	
mir-6781	rejected	MI0022626	MIMAT0027462	MIMAT0027463	
mir-6782	rejected	MI0022627	MIMAT0027464	MIMAT0027465	
mir-6783	rejected	MI0022628	MIMAT0027466	MIMAT0027467	
mir-6784	rejected	MI0022629	MIMAT0027468	MIMAT0027469	
mir-6785	rejected	MI0022630	MIMAT0027470	MIMAT0027471	
mir-6786	rejected	MI0022631	MIMAT0027472	MIMAT0027473	
mir-6787	rejected	MI0022632	MIMAT0027474	MIMAT0027475	
mir-6788	rejected	MI0022633	MIMAT0027476	MIMAT0027477	
mir-6789	rejected	MI0022634	MIMAT0027478	MIMAT0027479	
mir-6790	rejected	MI0022635	MIMAT0027480	MIMAT0027481	
mir-6791	rejected	MI0022636	MIMAT0027482	MIMAT0027483	
mir-6792	rejected	MI0022637	MIMAT0027484	MIMAT0027485	
mir-6793	rejected	MI0022638	MIMAT0027486	MIMAT0027487	
mir-6794	rejected	MI0022639	MIMAT0027488	MIMAT0027489	
mir-6795	rejected	MI0022640	MIMAT0027490	MIMAT0027491	
mir-6796	rejected	MI0022641	MIMAT0027492	MIMAT0027493	
mir-6797	rejected	MI0022642	MIMAT0027494	MIMAT0027495	
mir-6798	rejected	MI0022643	MIMAT0027496	MIMAT0027497	
mir-6799	rejected	MI0022644	MIMAT0027498	MIMAT0027499	
mir-6800	rejected	MI0022645	MIMAT0027500	MIMAT0027501	
mir-6801	rejected	MI0022646	MIMAT0027502	MIMAT0027503	
mir-6802	rejected	MI0022647	MIMAT0027504	MIMAT0027505	
mir-6803	rejected	MI0022648	MIMAT0027506	MIMAT0027507	
mir-6804	rejected	MI0022649	MIMAT0027508	MIMAT0027509	
mir-6805	rejected	MI0022650	MIMAT0027510	MIMAT0027511	
mir-6806	rejected	MI0022651	MIMAT0027512	MIMAT0027513	
mir-6807	rejected	MI0022652	MIMAT0027514	MIMAT0027515	
mir-6808	rejected	MI0022653	MIMAT0027516	MIMAT0027517	
mir-6809	rejected	MI0022654	MIMAT0027518	MIMAT0027519	
mir-6810	rejected	MI0022655	MIMAT0027520	MIMAT0027521	
mir-6811	rejected	MI0022656	MIMAT0027522	MIMAT0027523	
mir-6812	rejected	MI0022657	MIMAT0027524	MIMAT0027525	
mir-6813	rejected	MI0022658	MIMAT0027526	MIMAT0027527	
mir-6814	rejected	MI0022659	MIMAT0027528	MIMAT0027529	
mir-6815	rejected	MI0022660	MIMAT0027530	MIMAT0027531	
mir-6816	rejected	MI0022661	MIMAT0027532	MIMAT0027533	
mir-6817	rejected	MI0022662	MIMAT0027534	MIMAT0027535	
mir-6818	rejected	MI0022663	MIMAT0027536	MIMAT0027537	
mir-6819	rejected	MI0022664	MIMAT0027538	MIMAT0027539	
mir-6820	rejected	MI0022665	MIMAT0027540	MIMAT0027541	
mir-6821	rejected	MI0022666	MIMAT0027542	MIMAT0027543	
mir-6822	rejected	MI0022667	MIMAT0027544	MIMAT0027545	
mir-6823	rejected	MI0022668	MIMAT0027546	MIMAT0027547	
mir-6824	rejected	MI0022669	MIMAT0027548	MIMAT0027549	
mir-6825	rejected	MI0022670	MIMAT0027550	MIMAT0027551	
mir-6826	rejected	MI0022671	MIMAT0027552	MIMAT0027553	
mir-6827	rejected	MI0022672	MIMAT0027554	MIMAT0027555	
mir-6828	rejected	MI0022673	MIMAT0027556	MIMAT0027557	
mir-6829	rejected	MI0022674	MIMAT0027558	MIMAT0027559	
mir-6830	rejected	MI0022675	MIMAT0027560	MIMAT0027561	
mir-6831	rejected	MI0022676	MIMAT0027562	MIMAT0027563	
mir-6832	rejected	MI0022677	MIMAT0027564	MIMAT0027565	
mir-6833	rejected	MI0022678	MIMAT0027566	MIMAT0027567	
mir-6834	rejected	MI0022679	MIMAT0027568	MIMAT0027569	
mir-6835	rejected	MI0022680	MIMAT0027570	MIMAT0027571	
mir-6836	rejected	MI0022682	MIMAT0027574	MIMAT0027575	
mir-6837	rejected	MI0022683	MIMAT0027576	MIMAT0027577	
mir-6838	rejected	MI0022684	MIMAT0027578	MIMAT0027579	
mir-6839	rejected	MI0022685	MIMAT0027580	MIMAT0027581	
mir-6840	rejected	MI0022686	MIMAT0027582	MIMAT0027583	
mir-6841	rejected	MI0022687	MIMAT0027584	MIMAT0027585	
mir-6842	rejected	MI0022688	MIMAT0027586	MIMAT0027587	
mir-6843	rejected	MI0022689		MIMAT0027588	
mir-6844	rejected	MI0022690			MIMAT0027589
mir-6845	rejected	MI0022691	MIMAT0027590	MIMAT0027591	
mir-6846	rejected	MI0022692	MIMAT0027592	MIMAT0027593	
mir-6847	rejected	MI0022693	MIMAT0027594	MIMAT0027595	
mir-6848	rejected	MI0022694	MIMAT0027596	MIMAT0027597	
mir-6849	rejected	MI0022695	MIMAT0027598	MIMAT0027599	
mir-6850	rejected	MI0022696	MIMAT0027600	MIMAT0027601	
mir-6852	rejected	MI0022698	MIMAT0027604	MIMAT0027605	
mir-6853	rejected	MI0022699	MIMAT0027606	MIMAT0027607	
mir-6854	rejected	MI0022700	MIMAT0027608	MIMAT0027609	
mir-6855	rejected	MI0022701	MIMAT0027610	MIMAT0027611	
mir-6856	rejected	MI0022702	MIMAT0027612	MIMAT0027613	
mir-6857	rejected	MI0022703	MIMAT0027614	MIMAT0027615	
mir-6858	rejected	MI0022704	MIMAT0027616	MIMAT0027617	
mir-6859-1	rejected	MI0022705	MIMAT0027618	MIMAT0027619	
mir-6859-2	rejected	MI0026420	MIMAT0027618	MIMAT0027619	
mir-6859-3	rejected	MI0026421	MIMAT0027618	MIMAT0027619	
mir-6859-4	rejected	MI0031521	MIMAT0027618	MIMAT0027619	
mir-6860	rejected	MI0022707			MIMAT0027622
mir-6861	rejected	MI0022708	MIMAT0027623	MIMAT0027624	
mir-6862-1	rejected	MI0022709	MIMAT0027625	MIMAT0027626	
mir-6862-2	rejected	MI0026415	MIMAT0027625	MIMAT0027626	
mir-6863	rejected	MI0022710			MIMAT0027627
mir-6864	rejected	MI0022711	MIMAT0027628	MIMAT0027629	
mir-6865	rejected	MI0022712	MIMAT0027630	MIMAT0027631	
mir-6866	rejected	MI0022713	MIMAT0027632	MIMAT0027633	
mir-6867	rejected	MI0022714	MIMAT0027634	MIMAT0027635	
mir-6868	rejected	MI0022715	MIMAT0027636	MIMAT0027637	
mir-6869	rejected	MI0022716	MIMAT0027638	MIMAT0027639	
mir-6870	rejected	MI0022717	MIMAT0027640	MIMAT0027641	
mir-6871	rejected	MI0022718	MIMAT0027642	MIMAT0027643	
mir-6872	rejected	MI0022719	MIMAT0027644	MIMAT0027645	
mir-6873	rejected	MI0022720	MIMAT0027646	MIMAT0027647	
mir-6874	rejected	MI0022721	MIMAT0027648	MIMAT0027649	
mir-6875	rejected	MI0022722	MIMAT0027650	MIMAT0027651	
mir-6876	rejected	MI0022723	MIMAT0027652	MIMAT0027653	
mir-6877	rejected	MI0022724	MIMAT0027654	MIMAT0027655	
mir-6878	rejected	MI0022725	MIMAT0027656	MIMAT0027657	
mir-6879	rejected	MI0022726	MIMAT0027658	MIMAT0027659	
mir-6880	rejected	MI0022727	MIMAT0027660	MIMAT0027661	
mir-6881	rejected	MI0022728	MIMAT0027662	MIMAT0027663	
mir-6882	rejected	MI0022729	MIMAT0027664	MIMAT0027665	
mir-6883	rejected	MI0022730	MIMAT0027666	MIMAT0027667	
mir-6884	rejected	MI0022731	MIMAT0027668	MIMAT0027669	
mir-6885	rejected	MI0022732	MIMAT0027670	MIMAT0027671	
mir-6886	rejected	MI0022733	MIMAT0027672	MIMAT0027673	
mir-6887	rejected	MI0022734	MIMAT0027674	MIMAT0027675	
mir-6888	rejected	MI0022735	MIMAT0027676	MIMAT0027677	
mir-6889	rejected	MI0022736	MIMAT0027678	MIMAT0027679	
mir-6890	rejected	MI0022737	MIMAT0027680	MIMAT0027681	
mir-6891	rejected	MI0022738	MIMAT0027682	MIMAT0027683	
mir-6892	rejected	MI0022739	MIMAT0027684	MIMAT0027685	
mir-6893	rejected	MI0022740	MIMAT0027686	MIMAT0027687	
mir-6894	rejected	MI0022741	MIMAT0027688	MIMAT0027689	
mir-6895	rejected	MI0022742	MIMAT0027690	MIMAT0027691	
mir-7106	rejected	MI0022957	MIMAT0028109	MIMAT0028110	
mir-7107	rejected	MI0022958	MIMAT0028111	MIMAT0028112	
mir-7108	rejected	MI0022959	MIMAT0028113	MIMAT0028114	
mir-7109	rejected	MI0022960	MIMAT0028115	MIMAT0028116	
mir-7110	rejected	MI0022961	MIMAT0028117	MIMAT0028118	
mir-7111	rejected	MI0022962	MIMAT0028119	MIMAT0028120	
mir-7112	rejected	MI0022963	MIMAT0028121	MIMAT0028122	
mir-7113	rejected	MI0022964	MIMAT0028123	MIMAT0028124	
mir-7114	rejected	MI0022965	MIMAT0028125	MIMAT0028126	
mir-7150	rejected	MI0023610			MIMAT0028211
mir-7151	rejected	MI0023611	MIMAT0028212	MIMAT0028213	
mir-7152	rejected	MI0023612	MIMAT0028214	MIMAT0028215	
mir-7153	rejected	MI0023613	MIMAT0028216	MIMAT0028217	
mir-7154	rejected	MI0023614	MIMAT0028218	MIMAT0028219	
mir-7155	rejected	MI0023615	MIMAT0028220	MIMAT0028221	
mir-7156	rejected	MI0023616	MIMAT0028222	MIMAT0028223	
mir-7157	rejected	MI0023617	MIMAT0028224	MIMAT0028225	
mir-7158	rejected	MI0023618	MIMAT0028226	MIMAT0028227	
mir-7159	rejected	MI0023620	MIMAT0028228	MIMAT0028229	
mir-7160	rejected	MI0023621	MIMAT0028230	MIMAT0028231	
mir-7161	rejected	MI0023619	MIMAT0028232	MIMAT0028233	
mir-7162	rejected	MI0023623	MIMAT0028234	MIMAT0028235	
mir-7515	rejected	MI0024354			MIMAT0029310
mir-7641-1	rejected	MI0024975			MIMAT0029782
mir-7641-2	rejected	MI0024976			MIMAT0029782
mir-7702	rejected	MI0025238			MIMAT0030017
mir-7703	rejected	MI0025239			MIMAT0030018
mir-7704	rejected	MI0025240			MIMAT0030019
mir-7705	rejected	MI0025241			MIMAT0030020
mir-7843	rejected	MI0025510	MIMAT0030411	MIMAT0030412	
mir-7844	rejected	MI0025514	MIMAT0030419		
mir-7845	rejected	MI0025515	MIMAT0030420		
mir-7846	rejected	MI0025516		MIMAT0030421	
mir-7847	rejected	MI0025517		MIMAT0030422	
mir-7848	rejected	MI0025518		MIMAT0030423	
mir-7849	rejected	MI0025519		MIMAT0030424	
mir-7850	rejected	MI0025520	MIMAT0030425		
mir-7851	rejected	MI0025521		MIMAT0030426	
mir-7852	rejected	MI0025522		MIMAT0030427	
mir-7853	rejected	MI0025523	MIMAT0030428		
mir-7854	rejected	MI0025524		MIMAT0030429	
mir-7855	rejected	MI0025525	MIMAT0030430		
mir-7856	rejected	MI0025526	MIMAT0030431		
mir-7974	rejected	MI0025750			MIMAT0031177
mir-7975	rejected	MI0025751			MIMAT0031178
mir-7976	rejected	MI0025752			MIMAT0031179
mir-7977	rejected	MI0025753			MIMAT0031180
mir-7978	rejected	MI0025754			MIMAT0031181
mir-8052	rejected	MI0025888			MIMAT0030979
mir-8053	rejected	MI0025889			MIMAT0030980
mir-8054	rejected	MI0025890			MIMAT0030981
mir-8055	rejected	MI0025891			MIMAT0030982
mir-8056	rejected	MI0025892			MIMAT0030983
mir-8057	rejected	MI0025893			MIMAT0030984
mir-8058	rejected	MI0025894			MIMAT0030985
mir-8059	rejected	MI0025895			MIMAT0030986
mir-8060	rejected	MI0025896			MIMAT0030987
mir-8061	rejected	MI0025897			MIMAT0030988
mir-8062	rejected	MI0025898			MIMAT0030989
mir-8063	rejected	MI0025899			MIMAT0030990
mir-8064	rejected	MI0025900			MIMAT0030991
mir-8065	rejected	MI0025901			MIMAT0030992
mir-8066	rejected	MI0025902			MIMAT0030993
mir-8067	rejected	MI0025903			MIMAT0030994
mir-8068	rejected	MI0025904			MIMAT0030995
mir-8069-1	rejected	MI0025905			MIMAT0030996
mir-8069-2	rejected	MI0031519			MIMAT0030996
mir-8070	rejected	MI0025906			MIMAT0030997
mir-8071-1	rejected	MI0025907			MIMAT0030998
mir-8071-2	rejected	MI0026417			MIMAT0030998
mir-8072	rejected	MI0025908			MIMAT0030999
mir-8073	rejected	MI0025909			MIMAT0031000
mir-8074	rejected	MI0025910			MIMAT0031001
mir-8075	rejected	MI0025911			MIMAT0031002
mir-8076	rejected	MI0025912			MIMAT0031003
mir-8077	rejected	MI0025913			MIMAT0031004
mir-8078	rejected	MI0025914			MIMAT0031005
mir-8079	rejected	MI0025915			MIMAT0031006
mir-8080	rejected	MI0025916			MIMAT0031007
mir-8081	rejected	MI0025917			MIMAT0031008
mir-8082	rejected	MI0025918			MIMAT0031009
mir-8083	rejected	MI0025919			MIMAT0031010
mir-8084	rejected	MI0025920			MIMAT0031011
mir-8085	rejected	MI0025921			MIMAT0031012
mir-8086	rejected	MI0025922			MIMAT0031013
mir-8087	rejected	MI0025923			MIMAT0031014
mir-8088	rejected	MI0025924			MIMAT0031015
mir-8089	rejected	MI0025925			MIMAT0031016
mir-8485	rejected	MI0027288			MIMAT0033692
mir-9500	rejected	MI0029185			MIMAT0035542
