MIMAT,name,logFC.merged,adj.P.Val.merged,TestStatistic.meta,adj.P.Val.meta,same_dir,consensus,curated
MIMAT0004673,hsa-miR-29c-5p, 0.6425066,1.257e-03, 4.0162526,0.006955, TRUE, TRUE,white
MIMAT0000088,hsa-miR-30a-3p, 0.9087423,7.299e-03, 3.6094325,0.012210, TRUE, TRUE,white
MIMAT0005898,hsa-miR-1246,-1.0857010,1.174e-02,-3.1134561,0.049001, TRUE, TRUE,rejected
MIMAT0000455,hsa-miR-185-5p,-0.3556847,3.746e-02,-3.7971122,0.007759, TRUE, TRUE,white
MIMAT0000691,hsa-miR-130b-3p,-0.4275405,4.219e-02,-3.5965071,0.012210, TRUE, TRUE,white
MIMAT0000732,hsa-miR-378a-3p,-0.2507452,4.489e-02,-3.9482072,0.006955, TRUE, TRUE,white
MIMAT0000705,hsa-miR-362-5p,-0.3499032,4.565e-02,-3.8085015,0.007759, TRUE, TRUE,white
MIMAT0005893,hsa-miR-1305,-0.5771649,4.371e-26,-1.2568952,0.458163, TRUE,FALSE,purple
MIMAT0005942,hsa-miR-1288-3p,-0.3074485,1.852e-23,-0.4578872,0.830392, TRUE,FALSE,rejected
MIMAT0005938,hsa-miR-1274b,-1.0125859,1.516e-09,-0.8095030,0.700573, TRUE,FALSE,NA
MIMAT0005954,hsa-miR-720,-1.0347741,4.404e-07,-2.1911309,0.181889, TRUE,FALSE,NA
MIMAT0007890,hsa-miR-1914-3p,-0.3495251,4.457e-05,-1.1345834,0.522967, TRUE,FALSE,rejected
MIMAT0005911,hsa-miR-1260,-0.7511127,6.545e-05,-2.2762789,0.168049, TRUE,FALSE,rejected
MIMAT0000063,hsa-let-7b-5p, 0.6871236,6.137e-04, 2.4760892,0.130364, TRUE,FALSE,white
MIMAT0005927,hsa-miR-1274a,-0.6680615,6.137e-04,-1.9197440,0.227280, TRUE,FALSE,NA
MIMAT0002816,hsa-miR-494-3p,-1.4850213,1.028e-03,-2.1585281,0.181889, TRUE,FALSE,white
MIMAT0000074,hsa-miR-19b-3p,-0.5612590,5.689e-03,-2.5418511,0.121753, TRUE,FALSE,white
MIMAT0002872,hsa-miR-501-5p,-0.1689932,6.011e-03,-2.7725656,0.081880, TRUE,FALSE,white
MIMAT0000104,hsa-miR-107, 0.5047285,1.174e-02, 2.1330218,0.184882, TRUE,FALSE,white
MIMAT0000253,hsa-miR-10a-5p, 1.0915893,1.744e-02, 2.8287859,0.077388, TRUE,FALSE,white
MIMAT0004795,hsa-miR-574-5p,-0.6350073,2.128e-02,-1.9460112,0.220777, TRUE,FALSE,white
MIMAT0000451,hsa-miR-150-5p,-1.1161894,2.962e-02,-3.0015028,0.059327, TRUE,FALSE,white
MIMAT0000064,hsa-let-7c-5p, 0.4833616,3.122e-02, 1.6081164,0.351021, TRUE,FALSE,white
MIMAT0004694,hsa-miR-342-5p, 0.5965383,3.154e-02, 2.8554137,0.075933, TRUE,FALSE,white
MIMAT0000062,hsa-let-7a-5p, 0.8370972,3.470e-02, 2.5192346,0.122727, TRUE,FALSE,white
MIMAT0000066,hsa-let-7e-5p, 0.7458998,3.470e-02, 2.5576075,0.121753, TRUE,FALSE,white
MIMAT0000084,hsa-miR-27a-3p, 0.4633212,3.470e-02, 0.7907600,0.710670, TRUE,FALSE,white
MIMAT0000232,hsa-miR-199a-3p, 0.9393317,3.746e-02, 2.0762517,0.191538, TRUE,FALSE,white
MIMAT0000244,hsa-miR-30c-5p, 0.4929920,4.104e-02, 2.4630945,0.130364, TRUE,FALSE,white
MIMAT0003299,hsa-miR-630,-0.3407032,4.489e-02,-0.8674085,0.694964, TRUE,FALSE,rejected
MIMAT0000271,hsa-miR-214-3p, 0.6114171,4.961e-02, 1.4658419,0.393888, TRUE,FALSE,white
MIMAT0000417,hsa-miR-15b-5p, 0.3671748,5.859e-02, 0.8596881,0.694964, TRUE,FALSE,white
MIMAT0000065,hsa-let-7d-5p, 0.5799467,6.169e-02, 2.3479385,0.157696, TRUE,FALSE,white
MIMAT0000067,hsa-let-7f-5p, 0.8868775,6.399e-02, 2.5514761,0.121753, TRUE,FALSE,white
MIMAT0000095,hsa-miR-96-5p, 0.8061015,6.486e-02, 3.0497395,0.055178, TRUE,FALSE,white
MIMAT0002876,hsa-miR-505-3p,-0.2361274,6.486e-02,-4.0510687,0.006955, TRUE,FALSE,white
MIMAT0000101,hsa-miR-103a-3p, 0.3342806,6.993e-02, 0.8238325,0.695831, TRUE,FALSE,white
MIMAT0003228,hsa-miR-564,-0.0885384,8.070e-02, 0.4728300,0.830392,FALSE,FALSE,rejected
MIMAT0005939,hsa-miR-1281,-0.1014585,8.070e-02,-2.0112822,0.205936, TRUE,FALSE,rejected
MIMAT0000068,hsa-miR-15a-5p, 0.4989291,8.168e-02, 1.3350682,0.442122, TRUE,FALSE,white
MIMAT0000680,hsa-miR-106b-5p,-0.3161876,9.069e-02,-2.9198306,0.066374, TRUE,FALSE,white
MIMAT0000433,hsa-miR-142-5p,-0.5878265,9.071e-02,-3.2856282,0.029961, TRUE,FALSE,white
MIMAT0002805,hsa-miR-489-3p, 0.3178508,9.456e-02, 2.0638657,0.191538, TRUE,FALSE,white
MIMAT0004550,hsa-miR-30c-2-3p, 0.3401644,9.955e-02, 2.0872229,0.191538, TRUE,FALSE,white
MIMAT0000418,hsa-miR-23b-3p, 0.4012609,1.104e-01, 1.5952910,0.351021, TRUE,FALSE,white
MIMAT0004597,hsa-miR-140-3p,-0.3298065,1.178e-01,-3.4887674,0.016074, TRUE,FALSE,white
MIMAT0000096,hsa-miR-98-5p, 0.5915702,1.207e-01, 2.3193318,0.163634, TRUE,FALSE,white
MIMAT0000279,hsa-miR-222-3p,-0.5393363,1.209e-01,-2.4448453,0.132422, TRUE,FALSE,white
MIMAT0002813,hsa-miR-493-5p, 0.1993357,1.209e-01, 2.1592206,0.181889, TRUE,FALSE,white
MIMAT0000261,hsa-miR-183-5p, 0.6008824,1.247e-01, 2.2373926,0.176160, TRUE,FALSE,white
MIMAT0000231,hsa-miR-199a-5p, 0.4728048,1.255e-01, 1.3563183,0.434235, TRUE,FALSE,white
MIMAT0000078,hsa-miR-23a-3p, 0.3636951,1.274e-01, 0.9136277,0.659599, TRUE,FALSE,white
MIMAT0000087,hsa-miR-30a-5p, 0.6917381,1.274e-01, 1.9963107,0.209716, TRUE,FALSE,white
MIMAT0000419,hsa-miR-27b-3p, 0.3944398,1.274e-01, 1.3458452,0.437624, TRUE,FALSE,white
MIMAT0000450,hsa-miR-149-5p, 0.4889374,1.274e-01, 2.1312828,0.184882, TRUE,FALSE,white
MIMAT0000693,hsa-miR-30e-3p, 0.3424084,1.274e-01, 1.8197855,0.260426, TRUE,FALSE,white
MIMAT0000753,hsa-miR-342-3p, 0.5527547,1.274e-01, 1.9067940,0.230539, TRUE,FALSE,white
MIMAT0000761,hsa-miR-324-5p, 0.2669050,1.274e-01, 1.5304262,0.361973, TRUE,FALSE,white
MIMAT0004595,hsa-miR-135a-3p,-0.2157017,1.274e-01,-1.9523675,0.220777, TRUE,FALSE,white
MIMAT0004697,hsa-miR-151-5p, 0.3980961,1.309e-01, 1.4401999,0.401179, TRUE,FALSE,white
MIMAT0000263,hsa-miR-199b-5p, 0.5614481,1.374e-01, 1.7351363,0.299798, TRUE,FALSE,white
MIMAT0000457,hsa-miR-188-5p,-0.2412985,1.426e-01,-0.6434482,0.761228, TRUE,FALSE,white
MIMAT0004494,hsa-miR-21-3p,-0.4532313,1.426e-01,-2.7140902,0.088057, TRUE,FALSE,white
MIMAT0000682,hsa-miR-200a-3p, 0.5787989,1.809e-01, 2.1244442,0.184882, TRUE,FALSE,white
MIMAT0002177,hsa-miR-486-5p,-0.3895734,1.861e-01,-2.9194461,0.066374, TRUE,FALSE,white
MIMAT0000254,hsa-miR-10b-5p, 0.5639978,1.888e-01, 1.9667668,0.220381, TRUE,FALSE,white
MIMAT0000434,hsa-miR-142-3p,-0.6290222,1.939e-01,-2.4002300,0.144732, TRUE,FALSE,white
MIMAT0000436,hsa-miR-144-3p,-0.5002019,1.998e-01,-2.0120439,0.205936, TRUE,FALSE,white
MIMAT0002819,hsa-miR-193b-3p, 0.3335096,1.998e-01, 1.8810254,0.240782, TRUE,FALSE,white
MIMAT0004594,hsa-miR-132-5p, 0.1480984,2.017e-01, 2.2948846,0.164601, TRUE,FALSE,white
MIMAT0002888,hsa-miR-532-5p,-0.2327942,2.098e-01,-2.5109371,0.122727, TRUE,FALSE,white
MIMAT0004775,hsa-miR-502-3p,-0.1603036,2.194e-01,-2.5617228,0.121753, TRUE,FALSE,white
MIMAT0005929,hsa-miR-1275,-0.3697831,2.462e-01,-1.6372830,0.340714, TRUE,FALSE,rejected
MIMAT0000073,hsa-miR-19a-3p,-0.3350485,2.509e-01,-1.5288518,0.361973, TRUE,FALSE,white
MIMAT0000681,hsa-miR-29c-3p, 0.3101487,2.566e-01, 2.7810804,0.081880, TRUE,FALSE,white
MIMAT0000461,hsa-miR-195-5p, 0.4867972,2.609e-01, 1.6242163,0.345592, TRUE,FALSE,white
MIMAT0002820,hsa-miR-497-5p, 0.2934057,2.609e-01, 0.6547758,0.755986, TRUE,FALSE,white
MIMAT0003266,hsa-miR-598-3p, 0.1782452,2.609e-01, 1.5467856,0.361973, TRUE,FALSE,rejected
MIMAT0004780,hsa-miR-532-3p,-0.1332410,2.923e-01,-2.2145490,0.181889, TRUE,FALSE,white
MIMAT0001627,hsa-miR-433-3p,-0.0356195,2.940e-01,-2.3446962,0.157696, TRUE,FALSE,white
MIMAT0000449,hsa-miR-146a-5p,-0.3770161,2.943e-01,-2.1677576,0.181889, TRUE,FALSE,white
MIMAT0001412,hsa-miR-18b-5p,-0.2105126,2.943e-01,-2.0358530,0.201232, TRUE,FALSE,white
MIMAT0004484,hsa-let-7d-3p, 0.0437779,2.943e-01, 1.7295140,0.299798, TRUE,FALSE,white
MIMAT0000072,hsa-miR-18a-5p,-0.2341056,2.971e-01,-2.1610502,0.181889, TRUE,FALSE,white
MIMAT0000258,hsa-miR-181c-5p, 0.2696374,2.971e-01, 1.3278171,0.443847, TRUE,FALSE,white
MIMAT0000686,hsa-miR-34c-5p, 0.2439271,3.149e-01, 1.5259114,0.361973, TRUE,FALSE,white
MIMAT0000760,hsa-miR-331-3p, 0.2095479,3.149e-01, 0.4368780,0.831673, TRUE,FALSE,white
MIMAT0003180,hsa-miR-487b-3p, 0.1550332,3.149e-01, 1.1816760,0.507206, TRUE,FALSE,white
MIMAT0003329,hsa-miR-411-5p, 0.0810205,3.149e-01, 1.4184952,0.413522, TRUE,FALSE,white
MIMAT0003888,hsa-miR-766-3p,-0.0884566,3.149e-01,-1.3183371,0.446351, TRUE,FALSE,purple
MIMAT0004571,hsa-miR-200b-5p, 0.2411227,3.149e-01, 1.3096008,0.446351, TRUE,FALSE,white
MIMAT0004911,hsa-miR-874-3p,-0.1236258,3.322e-01,-1.3851449,0.431296, TRUE,FALSE,white
MIMAT0000280,hsa-miR-223-3p,-0.4301052,3.340e-01,-2.2624256,0.169536, TRUE,FALSE,white
MIMAT0003294,hsa-miR-625-5p, 0.2938066,3.352e-01, 1.4415498,0.401179, TRUE,FALSE,white
MIMAT0001536,hsa-miR-429, 0.3859336,3.545e-01, 1.5275653,0.361973, TRUE,FALSE,white
MIMAT0001080,hsa-miR-196b-5p, 0.2758420,3.546e-01, 1.5952525,0.351021, TRUE,FALSE,white
MIMAT0000089,hsa-miR-31-5p,-0.2535699,3.681e-01,-2.1874073,0.181889, TRUE,FALSE,white
MIMAT0000318,hsa-miR-200b-3p, 0.4351582,3.681e-01, 1.4011576,0.422864, TRUE,FALSE,white
MIMAT0000456,hsa-miR-186-5p,-0.1685464,3.681e-01,-1.8567189,0.246883, TRUE,FALSE,white
MIMAT0000710,hsa-miR-365a-3p, 0.2838961,3.681e-01, 0.9687425,0.636482, TRUE,FALSE,white
MIMAT0000083,hsa-miR-26b-5p, 0.5164035,3.687e-01, 1.5426442,0.361973, TRUE,FALSE,white
MIMAT0000226,hsa-miR-196a-5p, 0.6614807,3.713e-01, 1.4775540,0.389207, TRUE,FALSE,white
MIMAT0000414,hsa-let-7g-5p, 0.3733133,3.868e-01, 1.1627763,0.515110, TRUE,FALSE,white
MIMAT0000646,hsa-miR-155-5p,-0.3358190,3.868e-01,-1.5866516,0.351021, TRUE,FALSE,white
MIMAT0003233,hsa-miR-551b-3p, 0.2663882,3.868e-01, 1.0503417,0.585333, TRUE,FALSE,white
MIMAT0005948,hsa-miR-664*, 0.1613634,3.868e-01, 1.5539059,0.361973, TRUE,FALSE,rejected
MIMAT0000755,hsa-miR-323-3p, 0.0410222,3.891e-01, 1.3640093,0.434235, TRUE,FALSE,white
MIMAT0000093,hsa-miR-93-5p,-0.1723135,4.064e-01,-2.0653409,0.191538, TRUE,FALSE,white
MIMAT0000752,hsa-miR-328-3p, 0.0456199,4.068e-01, 1.2755418,0.452790, TRUE,FALSE,white
MIMAT0000763,hsa-miR-338-3p, 0.3889118,4.068e-01, 1.0498856,0.585333, TRUE,FALSE,white
MIMAT0003886,hsa-miR-769-5p, 0.1443079,4.068e-01, 1.3552665,0.434235, TRUE,FALSE,white
MIMAT0000688,hsa-miR-301a-3p,-0.3033581,4.086e-01,-1.7541058,0.292282, TRUE,FALSE,white
MIMAT0000435,hsa-miR-143-3p, 0.2539075,4.167e-01, 1.1552713,0.517437, TRUE,FALSE,white
MIMAT0003308,hsa-miR-638,-0.3067592,4.167e-01, 0.9943325,0.623648,FALSE,FALSE,rejected
MIMAT0000092,hsa-miR-92a-3p,-0.2284675,4.191e-01,-2.2965867,0.164601, TRUE,FALSE,white
MIMAT0002817,hsa-miR-495-3p, 0.0907635,4.191e-01, 1.2721262,0.452790, TRUE,FALSE,white
MIMAT0004682,hsa-miR-361-3p,-0.1552420,4.285e-01,-1.6633229,0.330323, TRUE,FALSE,white
MIMAT0000443,hsa-miR-125a-5p, 0.2271735,4.555e-01, 1.3785509,0.432319, TRUE,FALSE,white
MIMAT0000415,hsa-let-7i-5p, 0.1847872,4.598e-01,-1.1880343,0.507206,FALSE,FALSE,white
MIMAT0002890,hsa-miR-299-5p, 0.1496192,4.598e-01, 0.8227298,0.695831, TRUE,FALSE,white
MIMAT0000070,hsa-miR-17-5p,-0.2067327,4.620e-01,-1.6584476,0.330323, TRUE,FALSE,white
MIMAT0000097,hsa-miR-99a-5p, 0.3282166,4.633e-01, 0.6167976,0.776912, TRUE,FALSE,white
MIMAT0004605,hsa-miR-129-3p,-0.0694037,4.730e-01,-1.2786505,0.452790, TRUE,FALSE,white
MIMAT0004614,hsa-miR-193a-5p,-0.1818387,4.773e-01,-2.0802794,0.191538, TRUE,FALSE,white
MIMAT0004600,hsa-miR-144-5p,-0.1662790,4.897e-01,-1.5759240,0.354494, TRUE,FALSE,white
MIMAT0004695,hsa-miR-337-5p, 0.1174858,4.909e-01, 0.9360577,0.647199, TRUE,FALSE,white
MIMAT0000269,hsa-miR-212-3p, 0.0643008,4.957e-01, 1.4876865,0.385754, TRUE,FALSE,white
MIMAT0000707,hsa-miR-363-3p, 0.3185164,5.014e-01, 1.2848974,0.452790, TRUE,FALSE,white
MIMAT0004602,hsa-miR-125a-3p,-0.1699528,5.014e-01,-0.0163777,0.994438, TRUE,FALSE,white
MIMAT0000692,hsa-miR-30e-5p,-0.1678094,5.042e-01,-1.3596419,0.434235, TRUE,FALSE,white
MIMAT0000281,hsa-miR-224-5p,-0.2922104,5.079e-01,-1.9260071,0.227280, TRUE,FALSE,white
MIMAT0004587,hsa-miR-23b-5p, 0.0678802,5.079e-01, 1.0823444,0.564591, TRUE,FALSE,white
MIMAT0004606,hsa-miR-136-3p, 0.0935533,5.079e-01, 0.9660631,0.636482, TRUE,FALSE,white
MIMAT0000100,hsa-miR-29b-3p, 0.2655213,5.154e-01, 1.2753648,0.452790, TRUE,FALSE,white
MIMAT0000255,hsa-miR-34a-5p, 0.1567312,5.227e-01,-1.8409328,0.252063,FALSE,FALSE,white
MIMAT0000278,hsa-miR-221-3p,-0.1891446,5.227e-01,-1.9608417,0.220381, TRUE,FALSE,white
MIMAT0004603,hsa-miR-125b-2-3p,-0.1142896,5.227e-01,-1.8730701,0.241501, TRUE,FALSE,white
MIMAT0000250,hsa-miR-139-5p,-0.1141841,5.418e-01,-2.1178752,0.184882, TRUE,FALSE,white
MIMAT0000416,hsa-miR-1-3p, 0.1448155,5.428e-01, 0.7665610,0.720646, TRUE,FALSE,white
MIMAT0002171,hsa-miR-410-3p, 0.0946916,5.488e-01, 0.7676098,0.720646, TRUE,FALSE,white
MIMAT0000426,hsa-miR-132-3p, 0.0986264,5.729e-01, 0.7512889,0.723164, TRUE,FALSE,white
MIMAT0004514,hsa-miR-29b-1-5p, 0.0950974,5.823e-01, 0.8058246,0.700573, TRUE,FALSE,white
MIMAT0005593,hsa-miR-1238-3p,-0.0430634,5.839e-01,-2.7456369,0.084233, TRUE,FALSE,rejected
MIMAT0000759,hsa-miR-148b-3p, 0.1252445,5.965e-01, 0.3091389,0.886834, TRUE,FALSE,white
MIMAT0003240,hsa-miR-575,-0.2034560,6.021e-01, 0.5624257,0.794611,FALSE,FALSE,rejected
MIMAT0000080,hsa-miR-24-3p, 0.1055132,6.278e-01,-1.7036704,0.308386,FALSE,FALSE,white
MIMAT0000085,hsa-miR-28-5p, 0.1532320,6.278e-01, 0.3201644,0.886834, TRUE,FALSE,white
MIMAT0000275,hsa-miR-218-5p, 0.1451121,6.278e-01, 0.5088830,0.830108, TRUE,FALSE,white
MIMAT0001631,hsa-miR-451,-0.3977986,6.278e-01,-1.4399747,0.401179, TRUE,FALSE,yellow
MIMAT0002821,hsa-miR-181d-5p, 0.1231642,6.278e-01, 0.6853452,0.755986, TRUE,FALSE,white
MIMAT0002874,hsa-miR-503-5p,-0.1210836,6.278e-01,-0.9568232,0.636482, TRUE,FALSE,white
MIMAT0004774,hsa-miR-501-3p,-0.0604069,6.278e-01,-0.6972892,0.755986, TRUE,FALSE,white
MIMAT0004945,hsa-miR-744-5p, 0.0755519,6.278e-01, 0.7299344,0.738557, TRUE,FALSE,white
MIMAT0000257,hsa-miR-181b-5p,-0.1629050,6.320e-01,-1.5883778,0.351021, TRUE,FALSE,white
MIMAT0000685,hsa-miR-34b-5p, 0.1343242,6.320e-01, 0.4519031,0.830392, TRUE,FALSE,white
MIMAT0004767,hsa-miR-193b-5p, 0.0624333,6.388e-01, 0.6600614,0.755986, TRUE,FALSE,white
MIMAT0000222,hsa-miR-192-5p, 0.1779646,6.454e-01, 0.6533982,0.755986, TRUE,FALSE,white
MIMAT0003237,hsa-miR-572,-0.1229074,6.454e-01, 1.1433074,0.519546,FALSE,FALSE,rejected
MIMAT0004982,hsa-miR-939-5p,-0.1278204,6.454e-01, 0.9298367,0.648616,FALSE,FALSE,rejected
MIMAT0004762,hsa-miR-486-3p,-0.0484243,6.481e-01,-1.1673367,0.515110, TRUE,FALSE,white
MIMAT0003322,hsa-miR-652-3p, 0.1130726,6.541e-01, 0.6719626,0.755986, TRUE,FALSE,white
MIMAT0004601,hsa-miR-145-3p, 0.0934952,6.541e-01, 0.4696906,0.830392, TRUE,FALSE,white
MIMAT0000420,hsa-miR-30b-5p, 0.1501361,6.545e-01, 0.9580191,0.636482, TRUE,FALSE,white
MIMAT0000765,hsa-miR-335-5p, 0.1445426,6.610e-01, 0.4954182,0.830392, TRUE,FALSE,white
MIMAT0000069,hsa-miR-16-5p, 0.2564144,6.690e-01, 0.6048112,0.776912, TRUE,FALSE,white
MIMAT0003163,hsa-miR-539-5p, 0.0495553,6.690e-01, 0.4930013,0.830392, TRUE,FALSE,white
MIMAT0005865,hsa-miR-1202, 0.2662057,6.690e-01, 0.3555492,0.885538, TRUE,FALSE,rejected
MIMAT0000075,hsa-miR-20a-5p,-0.1964185,6.828e-01,-1.2841728,0.452790, TRUE,FALSE,white
MIMAT0000086,hsa-miR-29a-3p, 0.1045888,6.828e-01,-0.7086438,0.752430,FALSE,FALSE,white
MIMAT0000099,hsa-miR-101-3p, 0.1306080,6.828e-01, 0.4586972,0.830392, TRUE,FALSE,white
MIMAT0000460,hsa-miR-194-5p, 0.0859043,6.862e-01, 0.6063469,0.776912, TRUE,FALSE,white
MIMAT0000098,hsa-miR-100-5p, 0.1661069,6.987e-01, 0.1879504,0.931788, TRUE,FALSE,white
MIMAT0000757,hsa-miR-151-3p,-0.1182069,7.007e-01,-1.1862273,0.507206, TRUE,FALSE,white
MIMAT0004568,hsa-miR-221-5p, 0.0834707,7.123e-01, 0.3891286,0.871476, TRUE,FALSE,white
MIMAT0000447,hsa-miR-134-5p, 0.0751583,7.141e-01, 1.0361570,0.593539, TRUE,FALSE,white
MIMAT0004589,hsa-miR-30b-3p,-0.0543741,7.279e-01,-0.8227961,0.695831, TRUE,FALSE,white
MIMAT0001618,hsa-miR-191-3p, 0.0281012,7.563e-01,-0.8440869,0.694964,FALSE,FALSE,white
MIMAT0000728,hsa-miR-375, 0.2430505,7.712e-01, 0.8238374,0.695831, TRUE,FALSE,white
MIMAT0000756,hsa-miR-326, 0.0469336,7.712e-01, 0.6664387,0.755986, TRUE,FALSE,white
MIMAT0002173,hsa-miR-483-3p, 0.0430859,7.712e-01, 0.5552598,0.794611, TRUE,FALSE,white
MIMAT0003945,hsa-miR-765,-0.0678656,7.712e-01, 0.0824671,0.974736,FALSE,FALSE,rejected
MIMAT0004784,hsa-miR-455-3p, 0.1344831,7.712e-01,-0.0101823,0.995633,FALSE,FALSE,white
MIMAT0000703,hsa-miR-361-5p, 0.0687739,7.826e-01,-0.3219198,0.886834,FALSE,FALSE,white
MIMAT0000736,hsa-miR-381-3p,-0.0781872,7.826e-01,-1.1463093,0.519546, TRUE,FALSE,white
MIMAT0005949,hsa-miR-664, 0.0326819,7.826e-01, 0.5006591,0.830392, TRUE,FALSE,rejected
MIMAT0000423,hsa-miR-125b-5p,-0.1257000,7.833e-01,-0.4864490,0.830392, TRUE,FALSE,white
MIMAT0000424,hsa-miR-128-3p, 0.0920756,7.833e-01, 0.3533151,0.885538, TRUE,FALSE,white
MIMAT0002175,hsa-miR-485-5p, 0.0207013,7.838e-01, 0.2672363,0.901865, TRUE,FALSE,white
MIMAT0003389,hsa-miR-542-3p, 0.0816336,7.838e-01, 0.4606407,0.830392, TRUE,FALSE,white
MIMAT0004493,hsa-miR-20a-3p, 0.0728577,7.838e-01, 0.7621266,0.720646, TRUE,FALSE,white
MIMAT0004776,hsa-miR-505-5p,-0.0474073,7.838e-01,-0.5618333,0.794611, TRUE,FALSE,white
MIMAT0005792,hsa-miR-320b, 0.0987179,7.838e-01,-0.2787059,0.901865,FALSE,FALSE,rejected
MIMAT0003326,hsa-miR-663,-0.1101823,8.004e-01,-0.4560098,0.830392, TRUE,FALSE,rejected
MIMAT0001638,hsa-miR-409-5p, 0.0308514,8.158e-01, 0.2042148,0.922286, TRUE,FALSE,white
MIMAT0000266,hsa-miR-205-5p,-0.2111805,8.196e-01, 0.0440224,0.987065,FALSE,FALSE,white
MIMAT0005901,hsa-miR-1249-3p, 0.0600124,8.196e-01,-1.7129416,0.306422,FALSE,FALSE,white
MIMAT0000459,hsa-miR-193a-3p, 0.0690153,8.362e-01,-0.3382650,0.885538,FALSE,FALSE,white
MIMAT0000243,hsa-miR-148a-3p,-0.1180001,8.379e-01,-0.9633829,0.636482, TRUE,FALSE,white
MIMAT0000431,hsa-miR-140-5p,-0.0773045,8.379e-01,-1.3117272,0.446351, TRUE,FALSE,white
MIMAT0000438,hsa-miR-152-3p, 0.0708737,8.379e-01, 0.0001917,0.999847, TRUE,FALSE,white
MIMAT0000452,hsa-miR-154-5p, 0.0423177,8.379e-01,-0.0409004,0.987065,FALSE,FALSE,white
MIMAT0000720,hsa-miR-376c-3p, 0.0815477,8.379e-01,-0.1068592,0.962098,FALSE,FALSE,white
MIMAT0001341,hsa-miR-424-5p, 0.1224634,8.379e-01, 0.1266529,0.960855, TRUE,FALSE,white
MIMAT0003340,hsa-miR-542-5p, 0.0641273,8.379e-01, 0.1810865,0.933825, TRUE,FALSE,white
MIMAT0003393,hsa-miR-425-5p,-0.0802940,8.379e-01,-0.7670181,0.720646, TRUE,FALSE,white
MIMAT0004674,hsa-miR-30c-1-3p,-0.0212623,8.379e-01,-1.0271726,0.597407, TRUE,FALSE,white
MIMAT0004814,hsa-miR-654-3p, 0.0510642,8.379e-01,-0.2379571,0.907837,FALSE,FALSE,white
MIMAT0002814,hsa-miR-432-5p, 0.0293831,8.390e-01,-0.3407254,0.885538,FALSE,FALSE,white
MIMAT0002809,hsa-miR-146b-5p,-0.0991522,8.438e-01,-0.8463197,0.694964, TRUE,FALSE,white
MIMAT0004599,hsa-miR-143-5p, 0.0256096,8.513e-01, 0.2780249,0.901865, TRUE,FALSE,white
MIMAT0004748,hsa-miR-423-5p,-0.0357085,8.616e-01,-0.4426121,0.830392, TRUE,FALSE,white
MIMAT0000730,hsa-miR-377-3p, 0.0705140,8.657e-01,-0.3183381,0.886834,FALSE,FALSE,white
MIMAT0000252,hsa-miR-7-5p, 0.1021603,8.800e-01, 0.8496620,0.694964, TRUE,FALSE,white
MIMAT0002176,hsa-miR-485-3p, 0.0119562,8.800e-01, 0.0613718,0.984499, TRUE,FALSE,white
MIMAT0003338,hsa-miR-660-5p,-0.0652570,8.800e-01,-0.8663053,0.694964, TRUE,FALSE,white
MIMAT0004955,hsa-miR-374b-5p,-0.0497670,8.800e-01,-0.6565190,0.755986, TRUE,FALSE,white
MIMAT0005793,hsa-miR-320c,-0.0535238,8.800e-01,-0.6193958,0.776912, TRUE,FALSE,rejected
MIMAT0000094,hsa-miR-95-3p, 0.0533146,8.808e-01,-0.0263779,0.990165,FALSE,FALSE,white
MIMAT0000256,hsa-miR-181a-5p, 0.0664182,8.901e-01,-0.4473550,0.830392,FALSE,FALSE,white
MIMAT0000077,hsa-miR-22-3p,-0.0518539,8.927e-01,-1.8016320,0.267252, TRUE,FALSE,white
MIMAT0000081,hsa-miR-25-3p,-0.0401174,8.927e-01,-0.7504215,0.723164, TRUE,FALSE,white
MIMAT0000227,hsa-miR-197-3p, 0.0486805,8.927e-01,-0.1357776,0.960855,FALSE,FALSE,white
MIMAT0000437,hsa-miR-145-5p,-0.0655275,8.927e-01,-0.0266449,0.990165, TRUE,FALSE,white
MIMAT0000446,hsa-miR-127-3p, 0.0534261,8.927e-01,-0.2034826,0.922286,FALSE,FALSE,white
MIMAT0000687,hsa-miR-299-3p,-0.0174446,8.927e-01,-0.6769845,0.755986, TRUE,FALSE,white
MIMAT0000727,hsa-miR-374a-5p, 0.0713066,8.927e-01,-0.0495230,0.987065,FALSE,FALSE,white
MIMAT0000733,hsa-miR-379-5p, 0.0379493,8.927e-01,-0.0715581,0.979932,FALSE,FALSE,white
MIMAT0001413,hsa-miR-20b-5p,-0.0690147,8.927e-01,-0.3059205,0.886834, TRUE,FALSE,white
MIMAT0004954,hsa-miR-543, 0.0109619,8.927e-01, 0.0395633,0.987065, TRUE,FALSE,white
MIMAT0006764,hsa-miR-320d, 0.0454553,8.927e-01,-0.2692679,0.901865,FALSE,FALSE,rejected
MIMAT0005796,hsa-miR-1271-5p, 0.0187655,9.072e-01,-0.1552168,0.948214,FALSE,FALSE,white
MIMAT0000267,hsa-miR-210-3p,-0.0682101,9.108e-01,-0.6786663,0.755986, TRUE,FALSE,white
MIMAT0000445,hsa-miR-126-3p,-0.0620641,9.108e-01,-0.6112811,0.776912, TRUE,FALSE,white
MIMAT0000729,hsa-miR-376a-3p, 0.0395777,9.169e-01,-0.3134578,0.886834,FALSE,FALSE,white
MIMAT0003879,hsa-miR-758-3p, 0.0195843,9.169e-01,-0.2307393,0.910261,FALSE,FALSE,white
MIMAT0003885,hsa-miR-454-3p, 0.0445395,9.169e-01, 0.1097787,0.962098, TRUE,FALSE,white
MIMAT0004552,hsa-miR-139-3p, 0.0139686,9.169e-01, 0.2413682,0.907837, TRUE,FALSE,white
MIMAT0003258,hsa-miR-590-5p,-0.0514326,9.175e-01,-0.5792754,0.794611, TRUE,FALSE,white
MIMAT0000076,hsa-miR-21-5p, 0.0418811,9.245e-01,-0.9453779,0.642841,FALSE,FALSE,white
MIMAT0000245,hsa-miR-30d-5p,-0.0379868,9.245e-01,-0.8199459,0.695831, TRUE,FALSE,white
MIMAT0000265,hsa-miR-204-5p, 0.0163070,9.245e-01,-0.0969016,0.966574,FALSE,FALSE,white
MIMAT0000432,hsa-miR-141-3p,-0.0498236,9.245e-01, 0.2390371,0.907837,FALSE,FALSE,white
MIMAT0000442,hsa-miR-9-3p, 0.0337548,9.245e-01, 0.8515838,0.694964, TRUE,FALSE,white
MIMAT0000617,hsa-miR-200c-3p, 0.0366988,9.245e-01, 0.1599697,0.948032, TRUE,FALSE,white
MIMAT0000689,hsa-miR-99b-5p, 0.0327410,9.245e-01,-0.1084047,0.962098,FALSE,FALSE,white
MIMAT0000770,hsa-miR-133b, 0.0190872,9.245e-01,-0.4743763,0.830392,FALSE,FALSE,white
MIMAT0001639,hsa-miR-409-3p, 0.0139620,9.245e-01,-0.5581191,0.794611,FALSE,FALSE,white
MIMAT0003221,hsa-miR-557, 0.0120539,9.245e-01, 0.6869825,0.755986, TRUE,FALSE,purple
MIMAT0004504,hsa-miR-31-3p,-0.0266540,9.245e-01,-0.7065412,0.752430, TRUE,FALSE,white
MIMAT0004557,hsa-miR-34a-3p,-0.0098569,9.245e-01,-0.5644726,0.794611, TRUE,FALSE,white
MIMAT0004683,hsa-miR-362-3p,-0.0205953,9.245e-01,-0.3766742,0.878874, TRUE,FALSE,white
MIMAT0004761,hsa-miR-483-5p, 0.0316552,9.245e-01, 0.4432722,0.830392, TRUE,FALSE,white
MIMAT0000737,hsa-miR-382-5p, 0.0113672,9.352e-01,-0.3468255,0.885538,FALSE,FALSE,white
MIMAT0000510,hsa-miR-320a,-0.0193997,9.364e-01,-0.3506871,0.885538, TRUE,FALSE,rejected
MIMAT0004689,hsa-miR-377-5p, 0.0050767,9.364e-01,-0.2580560,0.901865,FALSE,FALSE,white
MIMAT0003330,hsa-miR-654-5p,-0.0033545,9.371e-01, 0.5490869,0.796292,FALSE,FALSE,white
MIMAT0004610,hsa-miR-150-3p, 0.0109129,9.428e-01, 0.2616507,0.901865, TRUE,FALSE,white
MIMAT0002174,hsa-miR-484, 0.0066361,9.450e-01,-0.1311178,0.960855,FALSE,FALSE,rejected
MIMAT0000762,hsa-miR-324-3p,-0.0096977,9.619e-01,-0.3624135,0.885538, TRUE,FALSE,white
MIMAT0000425,hsa-miR-130a-3p,-0.0078444,9.815e-01,-1.2557717,0.458163, TRUE,FALSE,white
MIMAT0004951,hsa-miR-887-3p, 0.0050116,9.815e-01,-0.1128723,0.962098,FALSE,FALSE,white
MIMAT0003150,hsa-miR-455-5p,-0.0029027,9.907e-01,-0.3324413,0.886798, TRUE,FALSE,white
MIMAT0000082,hsa-miR-26a-5p, 0.0028332,9.934e-01,-0.2162677,0.918939,FALSE,FALSE,white
MIMAT0004558,hsa-miR-181a-2-3p, 0.0009543,9.941e-01,-0.2613922,0.901865,FALSE,FALSE,white
MIMAT0003239,hsa-miR-574-3p,-0.0001018,9.994e-01, 0.5567304,0.794611,FALSE,FALSE,white
