MIMAT,name,logFC.merged,adj.P.Val.merged,TestStatistic.meta,adj.P.Val.meta,same_dir,consensus,curated
MIMAT0000072,hsa-miR-18a-5p, 1.0690971,1.573e-11, 3.2949754,0.0372629, TRUE, TRUE,white
MIMAT0000681,hsa-miR-29c-3p,-1.1991994,1.214e-09,-4.2857134,0.0016090, TRUE, TRUE,white
MIMAT0004673,hsa-miR-29c-5p,-0.8658101,3.147e-06,-4.6048464,0.0005469, TRUE, TRUE,white
MIMAT0000728,hsa-miR-375,-1.7077955,3.033e-04,-3.6694402,0.0128834, TRUE, TRUE,white
MIMAT0000250,hsa-miR-139-5p,-0.4662794,3.691e-04,-3.8731416,0.0071180, TRUE, TRUE,white
MIMAT0004951,hsa-miR-887-3p,-0.3692006,1.880e-02,-4.7484418,0.0005432, TRUE, TRUE,white
MIMAT0004614,hsa-miR-193a-5p,-0.4267581,3.379e-02,-3.3268925,0.0372629, TRUE, TRUE,white
MIMAT0005893,hsa-miR-1305,-0.5350172,2.262e-21,-0.2179299,0.9645297, TRUE,FALSE,purple
MIMAT0005942,hsa-miR-1288-3p,-0.2955529,1.125e-20, 0.0878373,0.9864472,FALSE,FALSE,rejected
MIMAT0001412,hsa-miR-18b-5p, 0.8180463,1.219e-08, 2.9340143,0.0784028, TRUE,FALSE,white
MIMAT0000080,hsa-miR-24-3p, 0.6759299,2.616e-07, 2.0285528,0.2927296, TRUE,FALSE,white
MIMAT0000417,hsa-miR-15b-5p, 0.7558200,2.715e-06, 2.6519764,0.1325367, TRUE,FALSE,white
MIMAT0005938,hsa-miR-1274b,-0.8080767,4.338e-06, 0.2942608,0.9645297,FALSE,FALSE,NA
MIMAT0000093,hsa-miR-93-5p, 0.6474255,1.114e-05, 2.9338119,0.0784028, TRUE,FALSE,white
MIMAT0000070,hsa-miR-17-5p, 0.8430359,1.738e-05, 2.9963196,0.0784028, TRUE,FALSE,white
MIMAT0000092,hsa-miR-92a-3p, 0.7526936,3.691e-04, 2.1976118,0.2717631, TRUE,FALSE,white
MIMAT0003326,hsa-miR-663, 0.8773406,3.750e-04, 2.8905099,0.0784028, TRUE,FALSE,rejected
MIMAT0000073,hsa-miR-19a-3p, 0.7088448,3.152e-03, 2.2987353,0.2634967, TRUE,FALSE,white
MIMAT0000442,hsa-miR-9-3p, 0.7883200,3.674e-03, 2.1540196,0.2717631, TRUE,FALSE,white
MIMAT0005954,hsa-miR-720,-0.6673105,3.674e-03,-0.6121501,0.8183782, TRUE,FALSE,NA
MIMAT0000281,hsa-miR-224-5p, 0.9191911,6.657e-03, 2.0064123,0.2968813, TRUE,FALSE,white
MIMAT0000759,hsa-miR-148b-3p,-0.4539560,6.657e-03,-3.0565518,0.0741665, TRUE,FALSE,white
MIMAT0000449,hsa-miR-146a-5p, 0.7935177,6.771e-03, 2.4324404,0.1987164, TRUE,FALSE,white
MIMAT0004694,hsa-miR-342-5p,-0.6700536,1.053e-02,-2.0754561,0.2717631, TRUE,FALSE,white
MIMAT0000099,hsa-miR-101-3p,-0.5536405,1.577e-02,-2.2108943,0.2717631, TRUE,FALSE,white
MIMAT0000680,hsa-miR-106b-5p, 0.4201724,1.614e-02, 1.7299603,0.3644168, TRUE,FALSE,white
MIMAT0000243,hsa-miR-148a-3p,-0.7979938,1.674e-02,-2.8666559,0.0785221, TRUE,FALSE,white
MIMAT0004776,hsa-miR-505-5p, 0.2631511,1.674e-02, 1.9475857,0.3171653, TRUE,FALSE,white
MIMAT0000705,hsa-miR-362-5p, 0.3918780,2.060e-02, 1.6813290,0.3644168, TRUE,FALSE,white
MIMAT0007890,hsa-miR-1914-3p,-0.2219704,2.060e-02, 0.5435322,0.8496847,FALSE,FALSE,rejected
MIMAT0000267,hsa-miR-210-3p, 0.8326113,2.301e-02, 1.2891548,0.4980594, TRUE,FALSE,white
MIMAT0005911,hsa-miR-1260,-0.4788636,2.301e-02,-0.8491190,0.6988868, TRUE,FALSE,rejected
MIMAT0000437,hsa-miR-145-5p,-0.6468438,2.624e-02,-2.0961015,0.2717631, TRUE,FALSE,white
MIMAT0000691,hsa-miR-130b-3p, 0.4457203,2.959e-02, 1.6629097,0.3644168, TRUE,FALSE,white
MIMAT0000423,hsa-miR-125b-5p,-0.6255421,2.968e-02,-2.0997530,0.2717631, TRUE,FALSE,white
MIMAT0000445,hsa-miR-126-3p,-0.7298411,2.968e-02,-2.2672434,0.2634967, TRUE,FALSE,white
MIMAT0003228,hsa-miR-564,-0.1037719,2.968e-02, 0.2134511,0.9645297,FALSE,FALSE,rejected
MIMAT0000685,hsa-miR-34b-5p,-0.4391591,3.011e-02,-2.8061699,0.0885705, TRUE,FALSE,white
MIMAT0000275,hsa-miR-218-5p,-0.4594716,3.293e-02,-2.1684544,0.2717631, TRUE,FALSE,white
MIMAT0000646,hsa-miR-155-5p, 0.6766664,3.293e-02, 2.1254509,0.2717631, TRUE,FALSE,white
MIMAT0000686,hsa-miR-34c-5p,-0.4345349,3.293e-02,-2.5102799,0.1776023, TRUE,FALSE,white
MIMAT0004784,hsa-miR-455-3p, 0.6000886,3.379e-02, 1.8899096,0.3249684, TRUE,FALSE,white
MIMAT0000081,hsa-miR-25-3p, 0.3740926,3.473e-02, 1.7413092,0.3644168, TRUE,FALSE,white
MIMAT0003239,hsa-miR-574-3p,-0.4064639,3.473e-02,-1.4919358,0.4189738, TRUE,FALSE,white
MIMAT0000730,hsa-miR-377-3p,-0.5029339,3.535e-02,-1.9081068,0.3249684, TRUE,FALSE,white
MIMAT0004557,hsa-miR-34a-3p,-0.1823797,3.535e-02,-2.4877519,0.1792982, TRUE,FALSE,white
MIMAT0000075,hsa-miR-20a-5p, 0.7008614,3.558e-02, 1.7000024,0.3644168, TRUE,FALSE,white
MIMAT0004603,hsa-miR-125b-2-3p,-0.2898021,3.558e-02,-2.2878539,0.2634967, TRUE,FALSE,white
MIMAT0000254,hsa-miR-10b-5p,-0.7857773,3.772e-02,-1.7437139,0.3644168, TRUE,FALSE,white
MIMAT0000729,hsa-miR-376a-3p,-0.4792082,3.780e-02,-1.6600482,0.3644168, TRUE,FALSE,white
MIMAT0001627,hsa-miR-433-3p,-0.0577187,3.780e-02,-2.2435995,0.2634967, TRUE,FALSE,white
MIMAT0000263,hsa-miR-199b-5p,-0.7168198,3.802e-02,-1.8494128,0.3249684, TRUE,FALSE,white
MIMAT0000438,hsa-miR-152-3p,-0.4111473,3.970e-02,-2.1131551,0.2717631, TRUE,FALSE,white
MIMAT0004601,hsa-miR-145-3p,-0.3020068,3.970e-02,-1.9487639,0.3171653, TRUE,FALSE,white
MIMAT0000435,hsa-miR-143-3p,-0.5090230,4.109e-02,-1.7804485,0.3577117, TRUE,FALSE,white
MIMAT0000720,hsa-miR-376c-3p,-0.4865857,4.109e-02,-1.5246514,0.4097757, TRUE,FALSE,white
MIMAT0005949,hsa-miR-664,-0.1453003,4.169e-02,-2.2491563,0.2634967, TRUE,FALSE,rejected
MIMAT0000452,hsa-miR-154-5p,-0.2335710,4.525e-02,-1.8704345,0.3249684, TRUE,FALSE,white
MIMAT0000736,hsa-miR-381-3p,-0.3372094,4.772e-02,-1.6695031,0.3644168, TRUE,FALSE,white
MIMAT0004814,hsa-miR-654-3p,-0.2911549,4.772e-02,-1.6618259,0.3644168, TRUE,FALSE,white
MIMAT0000436,hsa-miR-144-3p,-0.6684831,4.898e-02,-1.9898246,0.3012614, TRUE,FALSE,white
MIMAT0000082,hsa-miR-26a-5p,-0.4134964,5.097e-02,-1.8448209,0.3249684, TRUE,FALSE,white
MIMAT0002876,hsa-miR-505-3p, 0.2321749,5.097e-02, 0.9602900,0.6516858, TRUE,FALSE,white
MIMAT0003237,hsa-miR-572,-0.3615490,5.325e-02,-0.0389259,0.9946001, TRUE,FALSE,rejected
MIMAT0000461,hsa-miR-195-5p,-0.6946427,5.631e-02,-1.7126549,0.3644168, TRUE,FALSE,white
MIMAT0000420,hsa-miR-30b-5p,-0.4492871,5.875e-02,-1.6187660,0.3777955, TRUE,FALSE,white
MIMAT0003308,hsa-miR-638,-0.5573800,6.730e-02,-0.0230480,0.9966559, TRUE,FALSE,rejected
MIMAT0000737,hsa-miR-382-5p,-0.2011139,7.878e-02,-1.5545726,0.4097757, TRUE,FALSE,white
MIMAT0000459,hsa-miR-193a-3p,-0.3254371,8.946e-02,-2.6020152,0.1444682, TRUE,FALSE,white
MIMAT0003879,hsa-miR-758-3p,-0.1861165,9.769e-02,-1.4532608,0.4389132, TRUE,FALSE,white
MIMAT0000231,hsa-miR-199a-5p,-0.4753787,9.935e-02,-1.8773011,0.3249684, TRUE,FALSE,white
MIMAT0002814,hsa-miR-432-5p,-0.1510589,9.935e-02,-1.6318905,0.3728243, TRUE,FALSE,white
MIMAT0000100,hsa-miR-29b-3p,-0.5320405,1.002e-01,-1.3590113,0.4664042, TRUE,FALSE,white
MIMAT0000761,hsa-miR-324-5p, 0.2747791,1.002e-01, 1.4948573,0.4189738, TRUE,FALSE,white
MIMAT0000415,hsa-let-7i-5p, 0.3291152,1.008e-01,-0.1493537,0.9743191,FALSE,FALSE,white
MIMAT0001638,hsa-miR-409-5p,-0.1308552,1.008e-01,-1.6019460,0.3848148, TRUE,FALSE,white
MIMAT0000450,hsa-miR-149-5p,-0.4882822,1.021e-01,-2.0229242,0.2927296, TRUE,FALSE,white
MIMAT0002820,hsa-miR-497-5p,-0.3673587,1.021e-01,-1.8522402,0.3249684, TRUE,FALSE,white
MIMAT0004695,hsa-miR-337-5p,-0.2197365,1.021e-01,-1.2968454,0.4960708, TRUE,FALSE,white
MIMAT0000084,hsa-miR-27a-3p, 0.3437549,1.023e-01, 0.0728438,0.9864472, TRUE,FALSE,white
MIMAT0004911,hsa-miR-874-3p,-0.1716556,1.079e-01,-1.7768562,0.3577117, TRUE,FALSE,white
MIMAT0000065,hsa-let-7d-5p, 0.4718861,1.107e-01, 1.5206613,0.4097757, TRUE,FALSE,white
MIMAT0000710,hsa-miR-365a-3p,-0.4117385,1.130e-01,-1.8369317,0.3249684, TRUE,FALSE,white
MIMAT0003150,hsa-miR-455-5p, 0.2433214,1.130e-01, 0.9765456,0.6454108, TRUE,FALSE,white
MIMAT0004606,hsa-miR-136-3p,-0.1765014,1.130e-01,-1.3952679,0.4643427, TRUE,FALSE,white
MIMAT0004767,hsa-miR-193b-5p,-0.1499994,1.175e-01,-1.7542208,0.3644168, TRUE,FALSE,white
MIMAT0001631,hsa-miR-451,-0.9212044,1.175e-01,-1.8891299,0.3249684, TRUE,FALSE,yellow
MIMAT0004595,hsa-miR-135a-3p, 0.2080652,1.175e-01, 1.3130932,0.4866521, TRUE,FALSE,white
MIMAT0001413,hsa-miR-20b-5p, 0.4717412,1.176e-01, 1.3558455,0.4664042, TRUE,FALSE,white
MIMAT0000104,hsa-miR-107, 0.3106765,1.184e-01, 0.7933481,0.7310154, TRUE,FALSE,white
MIMAT0002888,hsa-miR-532-5p, 0.2561147,1.184e-01, 1.1071404,0.5686545, TRUE,FALSE,white
MIMAT0000074,hsa-miR-19b-3p, 0.3172351,1.204e-01, 1.9136108,0.3249684, TRUE,FALSE,white
MIMAT0005939,hsa-miR-1281,-0.0837673,1.204e-01,-1.5449713,0.4097757, TRUE,FALSE,rejected
MIMAT0000760,hsa-miR-331-3p,-0.2675721,1.249e-01,-2.0844830,0.2717631, TRUE,FALSE,white
MIMAT0004774,hsa-miR-501-3p, 0.1351969,1.249e-01, 1.6573288,0.3644168, TRUE,FALSE,white
MIMAT0000687,hsa-miR-299-3p,-0.1217016,1.386e-01,-1.6380617,0.3728243, TRUE,FALSE,white
MIMAT0005901,hsa-miR-1249-3p, 0.2287452,1.463e-01,-0.0469608,0.9925070,FALSE,FALSE,white
MIMAT0000083,hsa-miR-26b-5p,-0.6893793,1.487e-01,-1.1001368,0.5705335, TRUE,FALSE,white
MIMAT0000682,hsa-miR-200a-3p,-0.5621893,1.497e-01,-1.1574933,0.5531117, TRUE,FALSE,white
MIMAT0000733,hsa-miR-379-5p,-0.2586672,1.502e-01,-1.1100703,0.5686545, TRUE,FALSE,white
MIMAT0000753,hsa-miR-342-3p,-0.4808361,1.502e-01,-1.5289792,0.4097757, TRUE,FALSE,white
MIMAT0001639,hsa-miR-409-3p,-0.1761380,1.530e-01,-1.3978063,0.4643427, TRUE,FALSE,white
MIMAT0003163,hsa-miR-539-5p,-0.1180400,1.567e-01,-1.2648501,0.5052791, TRUE,FALSE,white
MIMAT0000094,hsa-miR-95-3p,-0.2880045,1.588e-01,-2.0899086,0.2717631, TRUE,FALSE,white
MIMAT0004610,hsa-miR-150-3p, 0.1933600,1.588e-01, 1.7063501,0.3644168, TRUE,FALSE,white
MIMAT0004689,hsa-miR-377-5p,-0.0778876,1.588e-01,-1.2194723,0.5175985, TRUE,FALSE,white
MIMAT0002809,hsa-miR-146b-5p, 0.4325122,1.633e-01, 1.2391076,0.5140180, TRUE,FALSE,white
MIMAT0000265,hsa-miR-204-5p,-0.1873054,1.645e-01,-1.1440167,0.5578619, TRUE,FALSE,white
MIMAT0002819,hsa-miR-193b-3p,-0.3220217,1.645e-01,-1.3951918,0.4643427, TRUE,FALSE,white
MIMAT0003393,hsa-miR-425-5p,-0.3262190,1.645e-01,-1.5965682,0.3848148, TRUE,FALSE,white
MIMAT0004600,hsa-miR-144-5p,-0.2585102,1.655e-01,-1.4849771,0.4189738, TRUE,FALSE,white
MIMAT0003233,hsa-miR-551b-3p,-0.3406321,1.779e-01,-1.2716465,0.5039923, TRUE,FALSE,white
MIMAT0000763,hsa-miR-338-3p,-0.5152905,1.784e-01,-1.4072031,0.4643427, TRUE,FALSE,white
MIMAT0000757,hsa-miR-151-3p, 0.2864499,1.839e-01, 1.1950103,0.5301896, TRUE,FALSE,white
MIMAT0003180,hsa-miR-487b-3p,-0.1705805,1.840e-01,-1.0521705,0.5950630, TRUE,FALSE,white
MIMAT0001618,hsa-miR-191-3p, 0.0743281,1.895e-01, 0.3127550,0.9626936, TRUE,FALSE,white
MIMAT0002175,hsa-miR-485-5p,-0.0635673,1.895e-01,-1.4487458,0.4389132, TRUE,FALSE,white
MIMAT0004599,hsa-miR-143-5p,-0.1074601,1.895e-01,-1.3334648,0.4785200, TRUE,FALSE,white
MIMAT0004682,hsa-miR-361-3p,-0.2085636,1.895e-01,-1.4899287,0.4189738, TRUE,FALSE,white
MIMAT0004955,hsa-miR-374b-5p,-0.2377372,1.895e-01,-1.3175395,0.4866521, TRUE,FALSE,white
MIMAT0002171,hsa-miR-410-3p,-0.1567263,1.918e-01,-0.9386452,0.6670561, TRUE,FALSE,white
MIMAT0000446,hsa-miR-127-3p,-0.3045056,1.964e-01,-1.1542970,0.5531117, TRUE,FALSE,white
MIMAT0000447,hsa-miR-134-5p, 0.1808883,1.964e-01, 1.3563647,0.4664042, TRUE,FALSE,white
MIMAT0003340,hsa-miR-542-5p,-0.2448436,1.964e-01,-1.0827506,0.5774497, TRUE,FALSE,white
MIMAT0004493,hsa-miR-20a-3p, 0.2141522,1.992e-01, 1.2120041,0.5196554, TRUE,FALSE,white
MIMAT0006764,hsa-miR-320d, 0.2570909,2.285e-01, 0.7722426,0.7379256, TRUE,FALSE,rejected
MIMAT0000222,hsa-miR-192-5p,-0.3341248,2.307e-01,-1.1262120,0.5649187, TRUE,FALSE,white
MIMAT0002890,hsa-miR-299-5p,-0.1933532,2.307e-01,-0.9142127,0.6742680, TRUE,FALSE,white
MIMAT0000460,hsa-miR-194-5p,-0.1817765,2.326e-01,-1.2521699,0.5071328, TRUE,FALSE,white
MIMAT0000097,hsa-miR-99a-5p,-0.4256553,2.352e-01,-1.3630045,0.4664042, TRUE,FALSE,white
MIMAT0000765,hsa-miR-335-5p,-0.2817123,2.359e-01,-1.0490324,0.5950630, TRUE,FALSE,white
MIMAT0004748,hsa-miR-423-5p,-0.1416957,2.363e-01,-1.6564230,0.3644168, TRUE,FALSE,white
MIMAT0003294,hsa-miR-625-5p,-0.2970324,2.471e-01,-1.0076770,0.6265618, TRUE,FALSE,white
MIMAT0000244,hsa-miR-30c-5p,-0.2659407,2.565e-01,-1.2746092,0.5039923, TRUE,FALSE,white
MIMAT0004780,hsa-miR-532-3p, 0.1206450,2.566e-01, 0.7520519,0.7486579, TRUE,FALSE,white
MIMAT0000693,hsa-miR-30e-3p,-0.2381660,2.595e-01,-1.0006743,0.6268719, TRUE,FALSE,white
MIMAT0002177,hsa-miR-486-5p,-0.2970718,2.649e-01,-1.8570597,0.3249684, TRUE,FALSE,white
MIMAT0000266,hsa-miR-205-5p,-0.6201940,2.685e-01,-0.8884834,0.6840303, TRUE,FALSE,white
MIMAT0004550,hsa-miR-30c-2-3p,-0.2108083,2.802e-01,-1.0059012,0.6265618, TRUE,FALSE,white
MIMAT0003389,hsa-miR-542-3p,-0.2076448,2.925e-01,-0.9111753,0.6742680, TRUE,FALSE,white
MIMAT0004795,hsa-miR-574-5p,-0.2877366,2.937e-01,-0.1768185,0.9687146, TRUE,FALSE,white
MIMAT0000064,hsa-let-7c-5p,-0.2283798,2.954e-01,-2.1185033,0.2717631, TRUE,FALSE,white
MIMAT0004552,hsa-miR-139-3p,-0.0862328,2.998e-01,-0.7723575,0.7379256, TRUE,FALSE,white
MIMAT0000078,hsa-miR-23a-3p, 0.2335949,3.016e-01, 0.2228190,0.9645297, TRUE,FALSE,white
MIMAT0000253,hsa-miR-10a-5p,-0.4709503,3.056e-01,-1.2559867,0.5071328, TRUE,FALSE,white
MIMAT0004571,hsa-miR-200b-5p,-0.2062013,3.260e-01,-0.9080529,0.6742680, TRUE,FALSE,white
MIMAT0000088,hsa-miR-30a-3p,-0.3390580,3.478e-01,-0.8887407,0.6840303, TRUE,FALSE,white
MIMAT0000416,hsa-miR-1-3p,-0.1793565,3.489e-01,-0.8257087,0.7083456, TRUE,FALSE,white
MIMAT0004674,hsa-miR-30c-1-3p,-0.0602155,3.489e-01,-1.3702787,0.4664042, TRUE,FALSE,white
MIMAT0005927,hsa-miR-1274a,-0.2000417,3.674e-01, 0.4440061,0.8799310,FALSE,FALSE,NA
MIMAT0000098,hsa-miR-100-5p,-0.2698412,4.027e-01,-1.2210592,0.5175985, TRUE,FALSE,white
MIMAT0000258,hsa-miR-181c-5p,-0.1977122,4.027e-01,-0.7809983,0.7379256, TRUE,FALSE,white
MIMAT0000732,hsa-miR-378a-3p, 0.1080462,4.027e-01, 0.3288057,0.9618680, TRUE,FALSE,white
MIMAT0003330,hsa-miR-654-5p,-0.0346767,4.027e-01,-0.2315046,0.9645297, TRUE,FALSE,white
MIMAT0005792,hsa-miR-320b, 0.2122261,4.027e-01, 0.2396257,0.9645297, TRUE,FALSE,rejected
MIMAT0000770,hsa-miR-133b,-0.1207439,4.042e-01,-1.7202463,0.3644168, TRUE,FALSE,white
MIMAT0004589,hsa-miR-30b-3p,-0.0935358,4.042e-01,-0.8601863,0.6977492, TRUE,FALSE,white
MIMAT0005793,hsa-miR-320c, 0.1758012,4.042e-01, 0.6183295,0.8168673, TRUE,FALSE,rejected
MIMAT0004605,hsa-miR-129-3p,-0.0669503,4.131e-01,-1.5311808,0.4097757, TRUE,FALSE,white
MIMAT0000269,hsa-miR-212-3p, 0.0638971,4.177e-01, 1.3619339,0.4664042, TRUE,FALSE,white
MIMAT0002176,hsa-miR-485-3p,-0.0369718,4.502e-01,-0.6274535,0.8124043, TRUE,FALSE,white
MIMAT0002805,hsa-miR-489-3p,-0.1452743,4.569e-01,-0.6973802,0.7811405, TRUE,FALSE,white
MIMAT0002173,hsa-miR-483-3p,-0.0751263,4.593e-01,-0.7102712,0.7763621, TRUE,FALSE,white
MIMAT0000252,hsa-miR-7-5p, 0.3024724,4.875e-01, 1.1316666,0.5645477, TRUE,FALSE,white
MIMAT0000085,hsa-miR-28-5p, 0.1719654,4.943e-01, 0.4642593,0.8771432, TRUE,FALSE,white
MIMAT0005865,hsa-miR-1202, 0.3388156,5.013e-01, 0.2967474,0.9645297, TRUE,FALSE,rejected
MIMAT0000617,hsa-miR-200c-3p, 0.2280688,5.042e-01, 0.8286581,0.7083456, TRUE,FALSE,white
MIMAT0002816,hsa-miR-494-3p,-0.3649272,5.042e-01, 0.6511817,0.7979897,FALSE,FALSE,white
MIMAT0000433,hsa-miR-142-5p, 0.2410556,5.127e-01, 0.0069175,0.9993680, TRUE,FALSE,white
MIMAT0000443,hsa-miR-125a-5p,-0.1778086,5.155e-01,-0.3863173,0.9173483, TRUE,FALSE,white
MIMAT0000227,hsa-miR-197-3p, 0.1542939,5.236e-01, 0.4839327,0.8673693, TRUE,FALSE,white
MIMAT0003885,hsa-miR-454-3p,-0.1871651,5.274e-01,-0.5617789,0.8467679, TRUE,FALSE,white
MIMAT0005796,hsa-miR-1271-5p,-0.0674369,5.397e-01,-0.9267602,0.6701680, TRUE,FALSE,white
MIMAT0000255,hsa-miR-34a-5p,-0.1333282,5.478e-01,-2.9133682,0.0784028, TRUE,FALSE,white
MIMAT0003888,hsa-miR-766-3p, 0.0511294,5.524e-01, 0.7542281,0.7486579, TRUE,FALSE,purple
MIMAT0000279,hsa-miR-222-3p, 0.2168829,5.567e-01, 0.0633383,0.9864472, TRUE,FALSE,white
MIMAT0000707,hsa-miR-363-3p,-0.2499111,5.567e-01,-0.5085698,0.8613259, TRUE,FALSE,white
MIMAT0000727,hsa-miR-374a-5p,-0.1990199,5.567e-01,-0.7157663,0.7755923, TRUE,FALSE,white
MIMAT0003221,hsa-miR-557, 0.0615451,5.885e-01, 0.6820401,0.7811405, TRUE,FALSE,purple
MIMAT0002817,hsa-miR-495-3p,-0.0588723,5.886e-01,-0.2284337,0.9645297, TRUE,FALSE,white
MIMAT0000101,hsa-miR-103a-3p, 0.1108252,5.896e-01,-0.6373887,0.8071279,FALSE,FALSE,white
MIMAT0002874,hsa-miR-503-5p, 0.1112472,6.020e-01, 0.6820855,0.7811405, TRUE,FALSE,white
MIMAT0005593,hsa-miR-1238-3p, 0.0351619,6.133e-01,-0.6897054,0.7811405,FALSE,FALSE,rejected
MIMAT0002813,hsa-miR-493-5p,-0.0706562,6.164e-01,-0.1636339,0.9721014, TRUE,FALSE,white
MIMAT0000752,hsa-miR-328-3p,-0.0267798,6.187e-01, 0.0055187,0.9993680,FALSE,FALSE,white
MIMAT0001536,hsa-miR-429,-0.1986821,6.317e-01,-0.5551276,0.8467679, TRUE,FALSE,white
MIMAT0000425,hsa-miR-130a-3p, 0.1406772,6.539e-01,-0.3240545,0.9618680,FALSE,FALSE,white
MIMAT0002174,hsa-miR-484,-0.0495494,6.539e-01,-0.5557379,0.8467679, TRUE,FALSE,rejected
MIMAT0003329,hsa-miR-411-5p,-0.0375019,6.539e-01,-0.1272731,0.9800902, TRUE,FALSE,white
MIMAT0000756,hsa-miR-326,-0.0552063,6.539e-01,-0.1454822,0.9743191, TRUE,FALSE,white
MIMAT0004762,hsa-miR-486-3p,-0.0404992,6.719e-01,-0.9640611,0.6516858, TRUE,FALSE,white
MIMAT0005898,hsa-miR-1246, 0.2218364,6.838e-01, 0.2055079,0.9645716, TRUE,FALSE,rejected
MIMAT0004761,hsa-miR-483-5p, 0.1276513,6.861e-01, 0.8764772,0.6903234, TRUE,FALSE,white
MIMAT0000271,hsa-miR-214-3p,-0.1461952,7.058e-01,-1.1196425,0.5663376, TRUE,FALSE,white
MIMAT0004587,hsa-miR-23b-5p,-0.0391742,7.058e-01,-0.3658856,0.9326569, TRUE,FALSE,white
MIMAT0000456,hsa-miR-186-5p, 0.0735545,7.100e-01, 0.2465951,0.9645297, TRUE,FALSE,white
MIMAT0000457,hsa-miR-188-5p, 0.0730840,7.100e-01, 1.1718400,0.5464466, TRUE,FALSE,white
MIMAT0004982,hsa-miR-939-5p,-0.0950944,7.100e-01, 1.0750336,0.5800412,FALSE,FALSE,rejected
MIMAT0000434,hsa-miR-142-3p, 0.2030274,7.126e-01, 0.1339546,0.9783521, TRUE,FALSE,white
MIMAT0000087,hsa-miR-30a-5p,-0.1819568,7.464e-01,-0.5099479,0.8613259, TRUE,FALSE,white
MIMAT0000431,hsa-miR-140-5p,-0.1009766,7.464e-01,-0.6857515,0.7811405, TRUE,FALSE,white
MIMAT0002872,hsa-miR-501-5p,-0.0273036,7.464e-01, 0.2102158,0.9645297,FALSE,FALSE,white
MIMAT0005929,hsa-miR-1275, 0.1180769,7.464e-01, 0.3216521,0.9618680, TRUE,FALSE,rejected
MIMAT0000095,hsa-miR-96-5p,-0.1749448,7.504e-01, 0.0182900,0.9966908,FALSE,FALSE,white
MIMAT0003258,hsa-miR-590-5p, 0.1302415,7.533e-01, 0.2627074,0.9645297, TRUE,FALSE,white
MIMAT0000232,hsa-miR-199a-3p,-0.1764758,7.583e-01,-0.6554634,0.7979897, TRUE,FALSE,white
MIMAT0004504,hsa-miR-31-3p,-0.0927842,7.583e-01,-0.5152004,0.8613259, TRUE,FALSE,white
MIMAT0000226,hsa-miR-196a-5p,-0.2456352,7.587e-01,-0.3924425,0.9159393, TRUE,FALSE,white
MIMAT0000261,hsa-miR-183-5p, 0.1403244,7.658e-01, 0.5987341,0.8271466, TRUE,FALSE,white
MIMAT0000418,hsa-miR-23b-3p, 0.0892390,7.658e-01,-0.0349986,0.9946001,FALSE,FALSE,white
MIMAT0000692,hsa-miR-30e-5p,-0.0758944,7.658e-01,-0.5789521,0.8376107, TRUE,FALSE,white
MIMAT0000068,hsa-miR-15a-5p, 0.1029908,7.673e-01,-0.1750682,0.9687146,FALSE,FALSE,white
MIMAT0003322,hsa-miR-652-3p,-0.0671645,7.778e-01,-0.2841961,0.9645297, TRUE,FALSE,white
MIMAT0004484,hsa-let-7d-3p, 0.0128650,7.778e-01, 1.0861161,0.5774497, TRUE,FALSE,white
MIMAT0001341,hsa-miR-424-5p,-0.1304352,7.912e-01,-0.2379463,0.9645297, TRUE,FALSE,white
MIMAT0000318,hsa-miR-200b-3p,-0.1367474,7.969e-01,-0.2346342,0.9645297, TRUE,FALSE,white
MIMAT0004602,hsa-miR-125a-3p,-0.0666758,8.006e-01, 0.4681254,0.8771432,FALSE,FALSE,white
MIMAT0000451,hsa-miR-150-5p,-0.1606704,8.019e-01,-0.2809130,0.9645297, TRUE,FALSE,white
MIMAT0002821,hsa-miR-181d-5p,-0.0582753,8.019e-01,-0.4434257,0.8799310, TRUE,FALSE,white
MIMAT0004494,hsa-miR-21-3p,-0.0957059,8.019e-01,-0.9348031,0.6670561, TRUE,FALSE,white
MIMAT0004697,hsa-miR-151-5p, 0.0800095,8.028e-01, 0.0590087,0.9864472, TRUE,FALSE,white
MIMAT0003338,hsa-miR-660-5p, 0.0775437,8.074e-01, 0.1990080,0.9662250, TRUE,FALSE,white
MIMAT0004568,hsa-miR-221-5p,-0.0482569,8.105e-01,-0.2656365,0.9645297, TRUE,FALSE,white
MIMAT0003240,hsa-miR-575, 0.0816226,8.313e-01, 1.5337060,0.4097757, TRUE,FALSE,rejected
MIMAT0000414,hsa-let-7g-5p,-0.0989772,8.394e-01,-0.1793539,0.9687146, TRUE,FALSE,white
MIMAT0000256,hsa-miR-181a-5p, 0.0716287,8.470e-01,-0.0937917,0.9864472,FALSE,FALSE,white
MIMAT0000076,hsa-miR-21-5p, 0.0717648,8.554e-01,-0.4931378,0.8663137,FALSE,FALSE,white
MIMAT0000280,hsa-miR-223-3p, 0.0933532,8.563e-01,-0.0980047,0.9864472,FALSE,FALSE,white
MIMAT0003886,hsa-miR-769-5p,-0.0360391,8.563e-01,-0.0817927,0.9864472, TRUE,FALSE,white
MIMAT0000066,hsa-let-7e-5p, 0.0828058,8.573e-01, 0.0745037,0.9864472, TRUE,FALSE,white
MIMAT0000069,hsa-miR-16-5p,-0.1038608,8.573e-01,-0.1841262,0.9687146, TRUE,FALSE,white
MIMAT0000096,hsa-miR-98-5p, 0.0851449,8.573e-01, 0.5266175,0.8613259, TRUE,FALSE,white
MIMAT0000424,hsa-miR-128-3p,-0.0476552,8.573e-01,-0.2631690,0.9645297, TRUE,FALSE,white
MIMAT0000703,hsa-miR-361-5p,-0.0356328,8.573e-01,-0.5194123,0.8613259, TRUE,FALSE,white
MIMAT0001080,hsa-miR-196b-5p,-0.0582015,8.573e-01, 0.0831923,0.9864472,FALSE,FALSE,white
MIMAT0003299,hsa-miR-630, 0.0378113,8.573e-01, 0.8524791,0.6988868, TRUE,FALSE,rejected
MIMAT0000086,hsa-miR-29a-3p,-0.0405478,8.578e-01,-1.2325481,0.5151989, TRUE,FALSE,white
MIMAT0004514,hsa-miR-29b-1-5p,-0.0277063,8.578e-01,-0.1202041,0.9821524, TRUE,FALSE,white
MIMAT0004594,hsa-miR-132-5p,-0.0222431,8.578e-01, 0.4496181,0.8799310,FALSE,FALSE,white
MIMAT0004597,hsa-miR-140-3p, 0.0422604,8.578e-01,-0.4896244,0.8663137,FALSE,FALSE,white
MIMAT0000455,hsa-miR-185-5p,-0.0346757,8.585e-01,-0.8725029,0.6903234, TRUE,FALSE,white
MIMAT0000755,hsa-miR-323-3p, 0.0079944,8.627e-01, 0.6682385,0.7902666, TRUE,FALSE,white
MIMAT0000077,hsa-miR-22-3p, 0.0433199,8.658e-01,-0.8447801,0.6988868,FALSE,FALSE,white
MIMAT0000245,hsa-miR-30d-5p, 0.0481991,8.766e-01,-0.0884247,0.9864472,FALSE,FALSE,white
MIMAT0004683,hsa-miR-362-3p, 0.0324682,8.766e-01,-0.0007295,0.9994179,FALSE,FALSE,white
MIMAT0004775,hsa-miR-502-3p, 0.0203048,8.766e-01,-0.2975676,0.9645297,FALSE,FALSE,white
MIMAT0004954,hsa-miR-543,-0.0089190,8.766e-01,-0.1729327,0.9687146, TRUE,FALSE,white
MIMAT0000062,hsa-let-7a-5p,-0.0625669,8.849e-01,-0.2549766,0.9645297, TRUE,FALSE,white
MIMAT0000689,hsa-miR-99b-5p, 0.0376372,8.863e-01, 0.0629834,0.9864472, TRUE,FALSE,white
MIMAT0003266,hsa-miR-598-3p, 0.0214056,8.863e-01, 0.5511166,0.8467679, TRUE,FALSE,rejected
MIMAT0000419,hsa-miR-27b-3p,-0.0359305,8.917e-01,-0.4219515,0.8918051, TRUE,FALSE,white
MIMAT0000688,hsa-miR-301a-3p, 0.0437146,8.917e-01,-0.1432676,0.9743191,FALSE,FALSE,white
MIMAT0000510,hsa-miR-320a,-0.0253527,9.126e-01,-0.4274748,0.8909240, TRUE,FALSE,rejected
MIMAT0000067,hsa-let-7f-5p,-0.0484835,9.262e-01, 0.1597765,0.9721014,FALSE,FALSE,white
MIMAT0000426,hsa-miR-132-3p,-0.0114992,9.426e-01, 0.0711717,0.9864472,FALSE,FALSE,white
MIMAT0000762,hsa-miR-324-3p,-0.0124322,9.539e-01,-0.4600992,0.8771432, TRUE,FALSE,white
MIMAT0005948,hsa-miR-664*,-0.0112353,9.539e-01, 0.8083924,0.7207738,FALSE,FALSE,rejected
MIMAT0000063,hsa-let-7b-5p, 0.0126626,9.565e-01,-1.3531692,0.4664042,FALSE,FALSE,white
MIMAT0000432,hsa-miR-141-3p, 0.0212258,9.565e-01, 0.3112328,0.9626936, TRUE,FALSE,white
MIMAT0004945,hsa-miR-744-5p,-0.0069607,9.565e-01,-0.0300884,0.9947657, TRUE,FALSE,white
MIMAT0000089,hsa-miR-31-5p, 0.0090047,9.734e-01,-0.5009931,0.8642309,FALSE,FALSE,white
MIMAT0003945,hsa-miR-765,-0.0046893,9.773e-01, 0.7471107,0.7489077,FALSE,FALSE,rejected
MIMAT0004558,hsa-miR-181a-2-3p,-0.0012239,9.954e-01,-0.2539940,0.9645297, TRUE,FALSE,white
MIMAT0000257,hsa-miR-181b-5p, 0.0007089,9.971e-01,-0.2457926,0.9645297,FALSE,FALSE,white
MIMAT0000278,hsa-miR-221-3p, 0.0006331,9.971e-01,-0.5836576,0.8375957,FALSE,FALSE,white
