MIMAT,name,logFC.merged,adj.P.Val.merged,TestStatistic.meta,adj.P.Val.meta,same_dir,consensus,curated
MIMAT0000088,hsa-miR-30a-3p,-1.3217128,1.694e-04,-4.989038,8.486e-05, TRUE, TRUE,white
MIMAT0000244,hsa-miR-30c-5p,-0.8404090,6.143e-04,-4.673036,2.622e-04, TRUE, TRUE,white
MIMAT0004550,hsa-miR-30c-2-3p,-0.6188364,2.823e-03,-4.978609,8.486e-05, TRUE, TRUE,white
MIMAT0000087,hsa-miR-30a-5p,-1.2773557,4.633e-03,-3.331729,3.267e-02, TRUE, TRUE,white
MIMAT0003326,hsa-miR-663, 0.8169539,6.119e-03, 3.125898,4.247e-02, TRUE, TRUE,rejected
MIMAT0000693,hsa-miR-30e-3p,-0.6251942,7.613e-03,-3.219549,3.514e-02, TRUE, TRUE,white
MIMAT0000278,hsa-miR-221-3p,-0.5810021,3.738e-02,-3.751668,9.310e-03, TRUE, TRUE,white
MIMAT0000250,hsa-miR-139-5p,-0.3847338,4.253e-02,-3.993208,4.319e-03, TRUE, TRUE,white
MIMAT0005942,hsa-miR-1288-3p,-0.3051225,2.064e-19,-0.305821,9.057e-01, TRUE,FALSE,rejected
MIMAT0005893,hsa-miR-1305,-0.5179329,2.970e-18,-0.306135,9.057e-01, TRUE,FALSE,purple
MIMAT0000281,hsa-miR-224-5p, 1.1555182,1.619e-03, 2.251923,1.793e-01, TRUE,FALSE,white
MIMAT0005938,hsa-miR-1274b,-0.6486037,2.823e-03, 0.282838,9.067e-01,FALSE,FALSE,NA
MIMAT0000681,hsa-miR-29c-3p,-0.7020937,6.835e-03,-1.965486,2.565e-01, TRUE,FALSE,white
MIMAT0000099,hsa-miR-101-3p,-0.6204265,2.489e-02,-2.925339,5.699e-02, TRUE,FALSE,white
MIMAT0000080,hsa-miR-24-3p, 0.3922629,2.497e-02, 0.933084,6.411e-01, TRUE,FALSE,white
MIMAT0003239,hsa-miR-574-3p,-0.5141022,2.497e-02,-2.253098,1.793e-01, TRUE,FALSE,white
MIMAT0004595,hsa-miR-135a-3p, 0.3522664,2.497e-02, 2.457631,1.544e-01, TRUE,FALSE,white
MIMAT0004694,hsa-miR-342-5p,-0.6986288,2.497e-02,-2.117344,2.016e-01, TRUE,FALSE,white
MIMAT0001627,hsa-miR-433-3p,-0.0664832,4.870e-02,-2.879636,5.861e-02, TRUE,FALSE,white
MIMAT0000417,hsa-miR-15b-5p, 0.4516328,5.600e-02, 1.070241,5.712e-01, TRUE,FALSE,white
MIMAT0000436,hsa-miR-144-3p,-0.7910944,6.508e-02,-2.844178,6.210e-02, TRUE,FALSE,white
MIMAT0005954,hsa-miR-720,-0.5477785,6.508e-02,-0.698695,7.453e-01, TRUE,FALSE,NA
MIMAT0004674,hsa-miR-30c-1-3p,-0.1378907,6.741e-02,-3.078057,4.247e-02, TRUE,FALSE,white
MIMAT0000763,hsa-miR-338-3p,-0.8404467,6.976e-02,-3.009206,4.695e-02, TRUE,FALSE,white
MIMAT0000261,hsa-miR-183-5p, 0.7864950,7.352e-02, 2.405594,1.585e-01, TRUE,FALSE,white
MIMAT0004673,hsa-miR-29c-5p,-0.4756783,7.352e-02,-1.356161,4.520e-01, TRUE,FALSE,white
MIMAT0000072,hsa-miR-18a-5p, 0.4219463,7.886e-02, 1.664068,3.442e-01, TRUE,FALSE,white
MIMAT0000686,hsa-miR-34c-5p,-0.4449920,7.886e-02,-2.885665,5.861e-02, TRUE,FALSE,white
MIMAT0000093,hsa-miR-93-5p, 0.3940164,7.973e-02, 1.856162,2.802e-01, TRUE,FALSE,white
MIMAT0000081,hsa-miR-25-3p, 0.3702363,8.890e-02, 1.797069,3.040e-01, TRUE,FALSE,white
MIMAT0000267,hsa-miR-210-3p, 0.7941497,8.890e-02, 2.082590,2.113e-01, TRUE,FALSE,white
MIMAT0005911,hsa-miR-1260,-0.4514469,8.890e-02,-0.995229,6.221e-01, TRUE,FALSE,rejected
MIMAT0000258,hsa-miR-181c-5p,-0.4460351,8.921e-02,-3.210288,3.514e-02, TRUE,FALSE,white
MIMAT0002872,hsa-miR-501-5p,-0.1279399,8.921e-02,-1.476859,4.069e-01, TRUE,FALSE,white
MIMAT0004610,hsa-miR-150-3p, 0.2689849,8.921e-02, 2.230538,1.793e-01, TRUE,FALSE,white
MIMAT0007890,hsa-miR-1914-3p,-0.1904252,8.921e-02, 0.536840,8.420e-01,FALSE,FALSE,rejected
MIMAT0001412,hsa-miR-18b-5p, 0.3535839,8.936e-02, 1.906828,2.721e-01, TRUE,FALSE,white
MIMAT0005796,hsa-miR-1271-5p,-0.1970933,9.754e-02,-2.071848,2.113e-01, TRUE,FALSE,white
MIMAT0000438,hsa-miR-152-3p,-0.3973225,1.157e-01,-2.358822,1.619e-01, TRUE,FALSE,white
MIMAT0000703,hsa-miR-361-5p,-0.2894535,1.157e-01,-1.774204,3.053e-01, TRUE,FALSE,white
MIMAT0005901,hsa-miR-1249-3p, 0.2909392,1.157e-01, 0.329772,8.973e-01, TRUE,FALSE,white
MIMAT0004600,hsa-miR-144-5p,-0.3483377,1.399e-01,-2.766381,7.510e-02, TRUE,FALSE,white
MIMAT0000082,hsa-miR-26a-5p,-0.3869358,1.626e-01,-1.669343,3.442e-01, TRUE,FALSE,white
MIMAT0002820,hsa-miR-497-5p,-0.4150201,1.687e-01,-2.243967,1.793e-01, TRUE,FALSE,white
MIMAT0001631,hsa-miR-451,-1.0455961,1.717e-01,-1.942481,2.625e-01, TRUE,FALSE,yellow
MIMAT0000425,hsa-miR-130a-3p,-0.4573325,1.791e-01,-2.374485,1.606e-01, TRUE,FALSE,white
MIMAT0000692,hsa-miR-30e-5p,-0.3358914,1.791e-01,-1.884161,2.721e-01, TRUE,FALSE,white
MIMAT0000100,hsa-miR-29b-3p,-0.5336415,1.865e-01,-1.282035,4.996e-01, TRUE,FALSE,white
MIMAT0000255,hsa-miR-34a-5p, 0.3229895,1.865e-01,-0.135839,9.679e-01,FALSE,FALSE,white
MIMAT0000431,hsa-miR-140-5p,-0.3850282,1.865e-01,-1.787492,3.040e-01, TRUE,FALSE,white
MIMAT0000447,hsa-miR-134-5p, 0.2232743,1.865e-01, 1.783135,3.040e-01, TRUE,FALSE,white
MIMAT0000461,hsa-miR-195-5p,-0.6371153,1.865e-01,-1.386488,4.433e-01, TRUE,FALSE,white
MIMAT0000753,hsa-miR-342-3p,-0.5658753,1.865e-01,-1.426240,4.302e-01, TRUE,FALSE,white
MIMAT0003150,hsa-miR-455-5p,-0.2582893,1.865e-01,-2.566251,1.238e-01, TRUE,FALSE,white
MIMAT0003879,hsa-miR-758-3p,-0.1847212,1.865e-01,-2.415330,1.585e-01, TRUE,FALSE,white
MIMAT0004589,hsa-miR-30b-3p,-0.1717963,1.865e-01,-1.650238,3.442e-01, TRUE,FALSE,white
MIMAT0004605,hsa-miR-129-3p,-0.1269986,1.865e-01,-3.259312,3.514e-02, TRUE,FALSE,white
MIMAT0004795,hsa-miR-574-5p,-0.4581367,1.865e-01,-0.912036,6.504e-01, TRUE,FALSE,white
MIMAT0004814,hsa-miR-654-3p,-0.2622848,1.865e-01,-1.939074,2.625e-01, TRUE,FALSE,white
MIMAT0004951,hsa-miR-887-3p,-0.2717812,1.865e-01,-2.543678,1.264e-01, TRUE,FALSE,white
MIMAT0000420,hsa-miR-30b-5p,-0.3917969,1.938e-01,-1.620167,3.442e-01, TRUE,FALSE,white
MIMAT0004504,hsa-miR-31-3p,-0.3752287,1.968e-01,-3.004819,4.695e-02, TRUE,FALSE,white
MIMAT0004911,hsa-miR-874-3p,-0.1696411,1.968e-01,-1.242568,5.100e-01, TRUE,FALSE,white
MIMAT0000089,hsa-miR-31-5p,-0.3788929,1.974e-01,-3.091351,4.247e-02, TRUE,FALSE,white
MIMAT0000265,hsa-miR-204-5p,-0.2415875,1.986e-01,-2.725978,8.090e-02, TRUE,FALSE,white
MIMAT0004601,hsa-miR-145-3p,-0.2464542,2.328e-01,-1.492593,4.069e-01, TRUE,FALSE,white
MIMAT0000094,hsa-miR-95-3p,-0.3128986,2.335e-01,-2.325293,1.661e-01, TRUE,FALSE,white
MIMAT0000736,hsa-miR-381-3p,-0.2796177,2.339e-01,-2.261690,1.793e-01, TRUE,FALSE,white
MIMAT0005865,hsa-miR-1202, 0.6637500,2.339e-01, 1.129228,5.531e-01, TRUE,FALSE,rejected
MIMAT0003233,hsa-miR-551b-3p,-0.3921665,2.401e-01,-1.678891,3.442e-01, TRUE,FALSE,white
MIMAT0002821,hsa-miR-181d-5p,-0.2632160,2.515e-01,-2.163530,1.971e-01, TRUE,FALSE,white
MIMAT0000759,hsa-miR-148b-3p,-0.2573583,2.546e-01,-1.611169,3.463e-01, TRUE,FALSE,white
MIMAT0000452,hsa-miR-154-5p,-0.1869196,2.577e-01,-1.858253,2.802e-01, TRUE,FALSE,white
MIMAT0000691,hsa-miR-130b-3p, 0.3247632,2.627e-01, 1.354113,4.520e-01, TRUE,FALSE,white
MIMAT0004784,hsa-miR-455-3p,-0.4056758,2.627e-01,-1.389083,4.433e-01, TRUE,FALSE,white
MIMAT0000095,hsa-miR-96-5p, 0.5979120,2.667e-01, 1.642130,3.442e-01, TRUE,FALSE,white
MIMAT0003221,hsa-miR-557, 0.1339729,2.667e-01, 2.235214,1.793e-01, TRUE,FALSE,purple
MIMAT0004571,hsa-miR-200b-5p,-0.2897401,2.667e-01,-1.628822,3.442e-01, TRUE,FALSE,white
MIMAT0000680,hsa-miR-106b-5p, 0.2624427,2.871e-01, 1.090611,5.615e-01, TRUE,FALSE,white
MIMAT0002177,hsa-miR-486-5p,-0.3669374,2.873e-01,-3.353997,3.267e-02, TRUE,FALSE,white
MIMAT0000275,hsa-miR-218-5p,-0.3172733,2.941e-01,-1.752787,3.150e-01, TRUE,FALSE,white
MIMAT0004689,hsa-miR-377-5p,-0.0790767,2.941e-01,-1.621778,3.442e-01, TRUE,FALSE,white
MIMAT0005939,hsa-miR-1281,-0.0730370,2.941e-01,-1.373472,4.450e-01, TRUE,FALSE,rejected
MIMAT0001638,hsa-miR-409-5p,-0.1102079,2.943e-01,-2.075839,2.113e-01, TRUE,FALSE,white
MIMAT0000423,hsa-miR-125b-5p,-0.4280504,3.003e-01,-1.645833,3.442e-01, TRUE,FALSE,white
MIMAT0000445,hsa-miR-126-3p,-0.4541034,3.003e-01,-1.076562,5.698e-01, TRUE,FALSE,white
MIMAT0000646,hsa-miR-155-5p, 0.4208252,3.003e-01, 1.436107,4.302e-01, TRUE,FALSE,white
MIMAT0000762,hsa-miR-324-3p,-0.2267753,3.003e-01,-1.890484,2.721e-01, TRUE,FALSE,white
MIMAT0000730,hsa-miR-377-3p,-0.3387656,3.031e-01,-2.385942,1.606e-01, TRUE,FALSE,white
MIMAT0000733,hsa-miR-379-5p,-0.2441281,3.031e-01,-1.576466,3.625e-01, TRUE,FALSE,white
MIMAT0005949,hsa-miR-664,-0.0971070,3.031e-01,-1.970311,2.565e-01, TRUE,FALSE,rejected
MIMAT0000510,hsa-miR-320a,-0.2624301,3.051e-01,-1.805589,3.034e-01, TRUE,FALSE,rejected
MIMAT0000720,hsa-miR-376c-3p,-0.3372525,3.051e-01,-2.216517,1.794e-01, TRUE,FALSE,white
MIMAT0003886,hsa-miR-769-5p,-0.1866366,3.090e-01,-1.119784,5.556e-01, TRUE,FALSE,white
MIMAT0002173,hsa-miR-483-3p,-0.1193810,3.232e-01,-2.117837,2.016e-01, TRUE,FALSE,white
MIMAT0000231,hsa-miR-199a-5p,-0.3734761,3.246e-01,-1.376309,4.450e-01, TRUE,FALSE,white
MIMAT0000257,hsa-miR-181b-5p, 0.3140041,3.246e-01, 1.151555,5.464e-01, TRUE,FALSE,white
MIMAT0002819,hsa-miR-193b-3p, 0.3115819,3.246e-01, 2.210427,1.794e-01, TRUE,FALSE,white
MIMAT0000263,hsa-miR-199b-5p,-0.4672483,3.254e-01,-1.116577,5.556e-01, TRUE,FALSE,white
MIMAT0003393,hsa-miR-425-5p, 0.3121623,3.254e-01, 1.390296,4.433e-01, TRUE,FALSE,white
MIMAT0004603,hsa-miR-125b-2-3p,-0.1974178,3.254e-01,-2.043067,2.220e-01, TRUE,FALSE,white
MIMAT0000682,hsa-miR-200a-3p,-0.4761969,3.362e-01,-0.968780,6.252e-01, TRUE,FALSE,white
MIMAT0000687,hsa-miR-299-3p,-0.1030317,3.424e-01,-1.905930,2.721e-01, TRUE,FALSE,white
MIMAT0000435,hsa-miR-143-3p,-0.3218702,3.563e-01,-0.908651,6.504e-01, TRUE,FALSE,white
MIMAT0002175,hsa-miR-485-5p,-0.0593976,3.563e-01,-1.481382,4.069e-01, TRUE,FALSE,white
MIMAT0002814,hsa-miR-432-5p,-0.1093811,3.563e-01,-1.133983,5.531e-01, TRUE,FALSE,white
MIMAT0004568,hsa-miR-221-5p,-0.1862821,3.563e-01,-1.848134,2.806e-01, TRUE,FALSE,white
MIMAT0004606,hsa-miR-136-3p,-0.1396161,3.563e-01,-1.509054,4.069e-01, TRUE,FALSE,white
MIMAT0002890,hsa-miR-299-5p,-0.1939575,3.639e-01,-1.265175,5.097e-01, TRUE,FALSE,white
MIMAT0000256,hsa-miR-181a-5p, 0.3073062,3.657e-01, 1.102174,5.592e-01, TRUE,FALSE,white
MIMAT0000443,hsa-miR-125a-5p,-0.2779678,3.730e-01,-0.343662,8.928e-01, TRUE,FALSE,white
MIMAT0000770,hsa-miR-133b,-0.1519916,3.779e-01,-2.129620,2.016e-01, TRUE,FALSE,white
MIMAT0000226,hsa-miR-196a-5p, 0.6896808,3.790e-01, 1.894277,2.721e-01, TRUE,FALSE,white
MIMAT0000729,hsa-miR-376a-3p,-0.2815314,3.815e-01,-2.119211,2.016e-01, TRUE,FALSE,white
MIMAT0004587,hsa-miR-23b-5p,-0.0901287,3.815e-01,-1.152660,5.464e-01, TRUE,FALSE,white
MIMAT0004776,hsa-miR-505-5p, 0.1195285,3.816e-01, 0.768617,7.145e-01, TRUE,FALSE,white
MIMAT0000737,hsa-miR-382-5p,-0.1302245,3.836e-01,-1.479182,4.069e-01, TRUE,FALSE,white
MIMAT0000063,hsa-let-7b-5p,-0.2345805,3.884e-01,-2.327682,1.661e-01, TRUE,FALSE,white
MIMAT0002174,hsa-miR-484,-0.0988930,3.884e-01,-1.163763,5.464e-01, TRUE,FALSE,rejected
MIMAT0004775,hsa-miR-502-3p,-0.1253705,3.884e-01,-1.481905,4.069e-01, TRUE,FALSE,white
MIMAT0000098,hsa-miR-100-5p,-0.3576581,3.956e-01,-1.463619,4.128e-01, TRUE,FALSE,white
MIMAT0000752,hsa-miR-328-3p,-0.0493033,3.994e-01,-0.755204,7.197e-01, TRUE,FALSE,white
MIMAT0004597,hsa-miR-140-3p,-0.2115308,3.994e-01,-1.628453,3.442e-01, TRUE,FALSE,white
MIMAT0003163,hsa-miR-539-5p,-0.0906811,4.048e-01,-0.917146,6.504e-01, TRUE,FALSE,white
MIMAT0001639,hsa-miR-409-3p,-0.1295643,4.131e-01,-1.424758,4.302e-01, TRUE,FALSE,white
MIMAT0003228,hsa-miR-564,-0.0491388,4.131e-01, 1.034229,5.953e-01,FALSE,FALSE,rejected
MIMAT0005898,hsa-miR-1246, 0.4458091,4.166e-01, 0.518696,8.420e-01, TRUE,FALSE,rejected
MIMAT0000064,hsa-let-7c-5p,-0.2227583,4.180e-01,-2.411987,1.585e-01, TRUE,FALSE,white
MIMAT0000104,hsa-miR-107, 0.2049721,4.180e-01, 0.495326,8.420e-01, TRUE,FALSE,white
MIMAT0004514,hsa-miR-29b-1-5p,-0.1308213,4.180e-01,-1.233817,5.100e-01, TRUE,FALSE,white
MIMAT0004695,hsa-miR-337-5p,-0.1430504,4.180e-01,-1.238709,5.100e-01, TRUE,FALSE,white
MIMAT0000415,hsa-let-7i-5p, 0.1971299,4.212e-01,-0.451893,8.420e-01,FALSE,FALSE,white
MIMAT0000252,hsa-miR-7-5p, 0.3892603,4.371e-01, 1.202285,5.329e-01, TRUE,FALSE,white
MIMAT0000437,hsa-miR-145-5p,-0.2991373,4.411e-01,-0.934329,6.411e-01, TRUE,FALSE,white
MIMAT0000433,hsa-miR-142-5p, 0.3161804,4.424e-01, 0.143105,9.679e-01, TRUE,FALSE,white
MIMAT0004682,hsa-miR-361-3p,-0.1521655,4.659e-01,-1.143066,5.496e-01, TRUE,FALSE,white
MIMAT0000459,hsa-miR-193a-3p, 0.1792821,4.700e-01, 0.741570,7.230e-01, TRUE,FALSE,white
MIMAT0000416,hsa-miR-1-3p,-0.1732622,4.834e-01,-1.055638,5.801e-01, TRUE,FALSE,white
MIMAT0000446,hsa-miR-127-3p,-0.2239696,4.834e-01,-0.983535,6.221e-01, TRUE,FALSE,white
MIMAT0003237,hsa-miR-572,-0.1750056,4.834e-01, 0.570661,8.268e-01,FALSE,FALSE,rejected
MIMAT0003240,hsa-miR-575, 0.2543698,4.834e-01, 1.484380,4.069e-01, TRUE,FALSE,rejected
MIMAT0000073,hsa-miR-19a-3p, 0.2282151,4.865e-01, 0.724424,7.351e-01, TRUE,FALSE,white
MIMAT0003308,hsa-miR-638,-0.2769853,4.865e-01, 0.435836,8.487e-01,FALSE,FALSE,rejected
MIMAT0000254,hsa-miR-10b-5p,-0.3572349,4.895e-01,-0.412612,8.557e-01, TRUE,FALSE,white
MIMAT0000065,hsa-let-7d-5p, 0.2582205,4.918e-01, 0.890455,6.543e-01, TRUE,FALSE,white
MIMAT0000083,hsa-miR-26b-5p,-0.4253151,4.918e-01,-0.486896,8.420e-01, TRUE,FALSE,white
MIMAT0000280,hsa-miR-223-3p,-0.3324281,4.918e-01,-1.233285,5.100e-01, TRUE,FALSE,white
MIMAT0000765,hsa-miR-335-5p,-0.2116864,4.918e-01,-1.242314,5.100e-01, TRUE,FALSE,white
MIMAT0000426,hsa-miR-132-3p,-0.1131873,5.010e-01,-0.668009,7.591e-01, TRUE,FALSE,white
MIMAT0000710,hsa-miR-365a-3p, 0.2210075,5.188e-01, 1.163204,5.464e-01, TRUE,FALSE,white
MIMAT0002171,hsa-miR-410-3p,-0.1056923,5.219e-01,-0.970867,6.252e-01, TRUE,FALSE,white
MIMAT0001618,hsa-miR-191-3p, 0.0465530,5.289e-01,-0.206820,9.349e-01,FALSE,FALSE,white
MIMAT0000457,hsa-miR-188-5p, 0.1247346,5.297e-01, 1.674596,3.442e-01, TRUE,FALSE,white
MIMAT0000685,hsa-miR-34b-5p,-0.1686511,5.297e-01,-0.695830,7.453e-01, TRUE,FALSE,white
MIMAT0002874,hsa-miR-503-5p, 0.1480346,5.297e-01, 0.871117,6.602e-01, TRUE,FALSE,white
MIMAT0000084,hsa-miR-27a-3p, 0.1692067,5.395e-01,-0.454122,8.420e-01,FALSE,FALSE,white
MIMAT0005793,hsa-miR-320c,-0.1560563,5.395e-01,-1.395195,4.433e-01, TRUE,FALSE,rejected
MIMAT0005927,hsa-miR-1274a,-0.1676698,5.448e-01, 0.280614,9.067e-01,FALSE,FALSE,NA
MIMAT0000070,hsa-miR-17-5p, 0.1794836,5.501e-01, 0.519902,8.420e-01, TRUE,FALSE,white
MIMAT0000279,hsa-miR-222-3p,-0.2478677,5.600e-01,-1.596068,3.527e-01, TRUE,FALSE,white
MIMAT0004774,hsa-miR-501-3p, 0.0684367,5.600e-01, 0.786230,7.145e-01, TRUE,FALSE,white
MIMAT0005948,hsa-miR-664*, 0.1154956,5.600e-01, 0.984545,6.221e-01, TRUE,FALSE,rejected
MIMAT0004599,hsa-miR-143-5p,-0.0643176,5.623e-01,-0.777718,7.145e-01, TRUE,FALSE,white
MIMAT0000076,hsa-miR-21-5p, 0.2025050,5.742e-01, 0.753999,7.197e-01, TRUE,FALSE,white
MIMAT0000707,hsa-miR-363-3p, 0.2746566,5.742e-01, 1.098004,5.592e-01, TRUE,FALSE,white
MIMAT0004761,hsa-miR-483-5p, 0.1811825,5.742e-01, 1.005723,6.174e-01, TRUE,FALSE,white
MIMAT0003888,hsa-miR-766-3p, 0.0526747,5.916e-01, 0.876163,6.598e-01, TRUE,FALSE,purple
MIMAT0004557,hsa-miR-34a-3p,-0.0638096,5.916e-01,-0.802897,7.124e-01, TRUE,FALSE,white
MIMAT0000449,hsa-miR-146a-5p, 0.2119815,5.948e-01, 0.617044,7.953e-01, TRUE,FALSE,white
MIMAT0003180,hsa-miR-487b-3p,-0.0923636,6.124e-01,-0.253729,9.083e-01, TRUE,FALSE,white
MIMAT0004945,hsa-miR-744-5p,-0.0764590,6.284e-01,-0.891575,6.543e-01, TRUE,FALSE,white
MIMAT0004767,hsa-miR-193b-5p,-0.0636104,6.388e-01,-0.081878,9.679e-01, TRUE,FALSE,white
MIMAT0002176,hsa-miR-485-3p,-0.0296880,6.391e-01,-0.746535,7.226e-01, TRUE,FALSE,white
MIMAT0002816,hsa-miR-494-3p,-0.3191935,6.410e-01, 0.472247,8.420e-01,FALSE,FALSE,white
MIMAT0000434,hsa-miR-142-3p, 0.2737856,6.471e-01, 0.110040,9.679e-01, TRUE,FALSE,white
MIMAT0004558,hsa-miR-181a-2-3p,-0.0665305,6.623e-01,-1.179537,5.441e-01, TRUE,FALSE,white
MIMAT0005929,hsa-miR-1275, 0.1690117,6.623e-01, 0.122993,9.679e-01, TRUE,FALSE,rejected
MIMAT0000757,hsa-miR-151-3p, 0.1335304,6.864e-01, 0.953455,6.352e-01, TRUE,FALSE,white
MIMAT0000074,hsa-miR-19b-3p,-0.1208307,6.988e-01, 0.075210,9.679e-01,FALSE,FALSE,white
MIMAT0000245,hsa-miR-30d-5p,-0.1604079,6.988e-01,-0.778362,7.145e-01, TRUE,FALSE,white
MIMAT0000086,hsa-miR-29a-3p,-0.0961009,7.241e-01,-1.648621,3.442e-01, TRUE,FALSE,white
MIMAT0000243,hsa-miR-148a-3p,-0.1749046,7.241e-01,-0.695892,7.453e-01, TRUE,FALSE,white
MIMAT0000318,hsa-miR-200b-3p,-0.2039898,7.241e-01,-0.399920,8.615e-01, TRUE,FALSE,white
MIMAT0000419,hsa-miR-27b-3p,-0.1246473,7.241e-01,-0.529882,8.420e-01, TRUE,FALSE,white
MIMAT0000442,hsa-miR-9-3p, 0.1485940,7.241e-01, 1.287236,4.996e-01, TRUE,FALSE,white
MIMAT0000450,hsa-miR-149-5p,-0.1658185,7.241e-01,-0.081008,9.679e-01, TRUE,FALSE,white
MIMAT0000455,hsa-miR-185-5p,-0.0920317,7.241e-01,-0.933170,6.411e-01, TRUE,FALSE,white
MIMAT0000755,hsa-miR-323-3p, 0.0204116,7.241e-01, 0.718826,7.362e-01, TRUE,FALSE,white
MIMAT0001536,hsa-miR-429,-0.1730433,7.241e-01,-0.462213,8.420e-01, TRUE,FALSE,white
MIMAT0002809,hsa-miR-146b-5p, 0.1626325,7.241e-01, 0.510611,8.420e-01, TRUE,FALSE,white
MIMAT0003338,hsa-miR-660-5p,-0.1228496,7.241e-01,-0.437463,8.487e-01, TRUE,FALSE,white
MIMAT0004594,hsa-miR-132-5p,-0.0551815,7.241e-01,-0.481206,8.420e-01, TRUE,FALSE,white
MIMAT0004614,hsa-miR-193a-5p,-0.1018812,7.241e-01,-0.814854,7.052e-01, TRUE,FALSE,white
MIMAT0004955,hsa-miR-374b-5p,-0.0930462,7.241e-01,-0.795024,7.145e-01, TRUE,FALSE,white
MIMAT0004982,hsa-miR-939-5p, 0.1048353,7.241e-01, 1.688632,3.442e-01, TRUE,FALSE,rejected
MIMAT0000756,hsa-miR-326,-0.0488556,7.420e-01, 0.077079,9.679e-01,FALSE,FALSE,white
MIMAT0003322,hsa-miR-652-3p,-0.0860641,7.450e-01,-0.271026,9.067e-01, TRUE,FALSE,white
MIMAT0002888,hsa-miR-532-5p,-0.0766654,7.577e-01,-0.564385,8.268e-01, TRUE,FALSE,white
MIMAT0004780,hsa-miR-532-3p,-0.0466953,7.695e-01,-0.611695,7.961e-01, TRUE,FALSE,white
MIMAT0006764,hsa-miR-320d,-0.0933332,7.695e-01,-1.155439,5.464e-01, TRUE,FALSE,rejected
MIMAT0000269,hsa-miR-212-3p, 0.0321137,7.700e-01, 0.851859,6.741e-01, TRUE,FALSE,white
MIMAT0001413,hsa-miR-20b-5p, 0.1295044,7.700e-01, 0.235356,9.139e-01, TRUE,FALSE,white
MIMAT0002805,hsa-miR-489-3p,-0.0778893,7.700e-01, 0.022169,9.898e-01,FALSE,FALSE,white
MIMAT0003340,hsa-miR-542-5p,-0.0850705,7.700e-01,-0.410635,8.557e-01, TRUE,FALSE,white
MIMAT0000069,hsa-miR-16-5p,-0.1796994,7.732e-01,-0.280313,9.067e-01, TRUE,FALSE,white
MIMAT0000101,hsa-miR-103a-3p, 0.0740797,7.732e-01,-0.477650,8.420e-01,FALSE,FALSE,white
MIMAT0003266,hsa-miR-598-3p,-0.0579388,7.732e-01,-0.265881,9.067e-01, TRUE,FALSE,rejected
MIMAT0004494,hsa-miR-21-3p, 0.1219051,7.732e-01, 0.466711,8.420e-01, TRUE,FALSE,white
MIMAT0004493,hsa-miR-20a-3p,-0.0657922,7.958e-01,-0.592931,8.100e-01, TRUE,FALSE,white
MIMAT0002876,hsa-miR-505-3p,-0.0464282,7.963e-01,-1.253254,5.100e-01, TRUE,FALSE,white
MIMAT0000077,hsa-miR-22-3p, 0.0795745,8.092e-01,-0.346231,8.928e-01,FALSE,FALSE,white
MIMAT0005792,hsa-miR-320b,-0.0849877,8.092e-01,-1.187858,5.413e-01, TRUE,FALSE,rejected
MIMAT0000227,hsa-miR-197-3p,-0.0755941,8.167e-01,-0.512341,8.420e-01, TRUE,FALSE,white
MIMAT0000078,hsa-miR-23a-3p, 0.0785677,8.191e-01, 0.007711,9.938e-01, TRUE,FALSE,white
MIMAT0000092,hsa-miR-92a-3p, 0.0824114,8.223e-01,-0.497598,8.420e-01,FALSE,FALSE,white
MIMAT0000617,hsa-miR-200c-3p, 0.1049369,8.223e-01, 0.298440,9.057e-01, TRUE,FALSE,white
MIMAT0004602,hsa-miR-125a-3p,-0.0632761,8.397e-01, 0.455795,8.420e-01,FALSE,FALSE,white
MIMAT0000432,hsa-miR-141-3p, 0.1081401,8.607e-01, 0.681701,7.531e-01, TRUE,FALSE,white
MIMAT0000451,hsa-miR-150-5p, 0.1466890,8.607e-01, 0.063115,9.679e-01, TRUE,FALSE,white
MIMAT0000232,hsa-miR-199a-3p, 0.1281861,8.660e-01, 0.425457,8.542e-01, TRUE,FALSE,white
MIMAT0000253,hsa-miR-10a-5p, 0.1291189,8.660e-01, 1.103301,5.592e-01, TRUE,FALSE,white
MIMAT0004762,hsa-miR-486-3p,-0.0223418,8.660e-01,-0.904587,6.504e-01, TRUE,FALSE,white
MIMAT0000085,hsa-miR-28-5p,-0.0577070,8.753e-01, 0.166818,9.619e-01,FALSE,FALSE,white
MIMAT0000097,hsa-miR-99a-5p,-0.1055924,8.753e-01,-0.562005,8.268e-01, TRUE,FALSE,white
MIMAT0000266,hsa-miR-205-5p,-0.1528512,8.753e-01,-0.768544,7.145e-01, TRUE,FALSE,white
MIMAT0003330,hsa-miR-654-5p,-0.0102904,8.753e-01, 0.069072,9.679e-01,FALSE,FALSE,white
MIMAT0003299,hsa-miR-630, 0.0381847,8.990e-01, 1.348892,4.520e-01, TRUE,FALSE,rejected
MIMAT0000689,hsa-miR-99b-5p,-0.0544036,9.078e-01, 0.351046,8.928e-01,FALSE,FALSE,white
MIMAT0003389,hsa-miR-542-3p,-0.0422301,9.124e-01,-0.091637,9.679e-01, TRUE,FALSE,white
MIMAT0000062,hsa-let-7a-5p,-0.0808843,9.129e-01,-0.109867,9.679e-01, TRUE,FALSE,white
MIMAT0002817,hsa-miR-495-3p, 0.0192981,9.224e-01, 0.320301,9.019e-01, TRUE,FALSE,white
MIMAT0000068,hsa-miR-15a-5p, 0.0443242,9.344e-01,-0.094098,9.679e-01,FALSE,FALSE,white
MIMAT0000414,hsa-let-7g-5p,-0.0628380,9.344e-01, 0.107456,9.679e-01,FALSE,FALSE,white
MIMAT0000424,hsa-miR-128-3p,-0.0369351,9.344e-01, 0.028451,9.892e-01,FALSE,FALSE,white
MIMAT0000705,hsa-miR-362-5p,-0.0274427,9.344e-01,-0.114427,9.679e-01, TRUE,FALSE,white
MIMAT0000760,hsa-miR-331-3p, 0.0295772,9.344e-01, 0.082981,9.679e-01, TRUE,FALSE,white
MIMAT0003329,hsa-miR-411-5p,-0.0114473,9.344e-01,-0.077719,9.679e-01, TRUE,FALSE,white
MIMAT0004697,hsa-miR-151-5p, 0.0453652,9.344e-01, 0.332966,8.973e-01, TRUE,FALSE,white
MIMAT0005593,hsa-miR-1238-3p,-0.0092112,9.344e-01,-1.678035,3.442e-01, TRUE,FALSE,rejected
MIMAT0000728,hsa-miR-375, 0.0787139,9.352e-01, 0.498502,8.420e-01, TRUE,FALSE,white
MIMAT0004484,hsa-let-7d-3p,-0.0052874,9.352e-01, 0.346285,8.928e-01,FALSE,FALSE,white
MIMAT0004683,hsa-miR-362-3p,-0.0269401,9.352e-01,-0.466058,8.420e-01, TRUE,FALSE,white
MIMAT0000222,hsa-miR-192-5p,-0.0388164,9.411e-01,-0.133827,9.679e-01, TRUE,FALSE,white
MIMAT0004748,hsa-miR-423-5p, 0.0160137,9.447e-01, 0.080597,9.679e-01, TRUE,FALSE,white
MIMAT0003945,hsa-miR-765, 0.0175530,9.475e-01, 0.981529,6.221e-01, TRUE,FALSE,rejected
MIMAT0000066,hsa-let-7e-5p, 0.0400755,9.511e-01, 0.410957,8.557e-01, TRUE,FALSE,white
MIMAT0003294,hsa-miR-625-5p,-0.0249627,9.692e-01, 0.531145,8.420e-01,FALSE,FALSE,white
MIMAT0000075,hsa-miR-20a-5p,-0.0206524,9.856e-01,-0.246304,9.083e-01, TRUE,FALSE,white
MIMAT0000096,hsa-miR-98-5p, 0.0211828,9.856e-01, 0.267964,9.067e-01, TRUE,FALSE,white
MIMAT0000418,hsa-miR-23b-3p,-0.0170871,9.856e-01,-0.265857,9.067e-01, TRUE,FALSE,white
MIMAT0000732,hsa-miR-378a-3p, 0.0066871,9.856e-01,-0.632190,7.850e-01,FALSE,FALSE,white
MIMAT0000761,hsa-miR-324-5p,-0.0124183,9.856e-01, 0.160165,9.637e-01,FALSE,FALSE,white
MIMAT0001080,hsa-miR-196b-5p,-0.0170791,9.856e-01, 0.635557,7.850e-01,FALSE,FALSE,white
MIMAT0003258,hsa-miR-590-5p, 0.0178755,9.856e-01,-0.250773,9.083e-01,FALSE,FALSE,white
MIMAT0000456,hsa-miR-186-5p,-0.0078568,9.864e-01,-0.886630,6.543e-01, TRUE,FALSE,white
MIMAT0000271,hsa-miR-214-3p,-0.0138852,9.889e-01,-0.772456,7.145e-01, TRUE,FALSE,white
MIMAT0000067,hsa-let-7f-5p,-0.0130976,9.909e-01, 0.177961,9.562e-01,FALSE,FALSE,white
MIMAT0000460,hsa-miR-194-5p,-0.0028281,9.909e-01, 0.010129,9.938e-01,FALSE,FALSE,white
MIMAT0000688,hsa-miR-301a-3p,-0.0091091,9.909e-01,-0.250155,9.083e-01, TRUE,FALSE,white
MIMAT0000727,hsa-miR-374a-5p, 0.0027091,9.909e-01,-0.362159,8.923e-01,FALSE,FALSE,white
MIMAT0001341,hsa-miR-424-5p, 0.0042692,9.909e-01,-0.455316,8.420e-01,FALSE,FALSE,white
MIMAT0002813,hsa-miR-493-5p,-0.0020102,9.909e-01, 0.678659,7.531e-01,FALSE,FALSE,white
MIMAT0003885,hsa-miR-454-3p,-0.0079526,9.909e-01, 0.064863,9.679e-01,FALSE,FALSE,white
MIMAT0004552,hsa-miR-139-3p, 0.0018145,9.909e-01, 0.298197,9.057e-01, TRUE,FALSE,white
MIMAT0004954,hsa-miR-543, 0.0005956,9.909e-01, 0.027622,9.892e-01, TRUE,FALSE,white
