MIMAT,name,logFC.merged,adj.P.Val.merged,TestStatistic.meta,adj.P.Val.meta,same_dir,consensus,curated
MIMAT0000417,hsa-miR-15b-5p, 0.801817,4.832e-07, 3.308711,1.499e-02, TRUE, TRUE,white
MIMAT0004603,hsa-miR-125b-2-3p,-0.522072,3.861e-05,-5.773597,2.056e-06, TRUE, TRUE,white
MIMAT0000423,hsa-miR-125b-5p,-0.914611,7.877e-04,-3.394866,1.300e-02, TRUE, TRUE,white
MIMAT0002819,hsa-miR-193b-3p, 0.715484,1.008e-03, 4.177062,1.565e-03, TRUE, TRUE,white
MIMAT0000089,hsa-miR-31-5p,-0.676080,1.802e-03,-5.214600,2.441e-05, TRUE, TRUE,white
MIMAT0004673,hsa-miR-29c-5p, 0.630598,1.802e-03, 3.621113,7.067e-03, TRUE, TRUE,white
MIMAT0000250,hsa-miR-139-5p,-0.396906,3.862e-03,-4.902983,6.253e-05, TRUE, TRUE,white
MIMAT0000753,hsa-miR-342-3p, 0.920625,3.862e-03, 3.152591,1.949e-02, TRUE, TRUE,white
MIMAT0000450,hsa-miR-149-5p, 0.794440,5.802e-03, 3.273428,1.499e-02, TRUE, TRUE,white
MIMAT0000451,hsa-miR-150-5p,-1.242958,8.765e-03,-2.908052,3.442e-02, TRUE, TRUE,white
MIMAT0002876,hsa-miR-505-3p,-0.309551,8.765e-03,-3.656204,6.783e-03, TRUE, TRUE,white
MIMAT0000280,hsa-miR-223-3p,-0.911026,1.218e-02,-3.235234,1.589e-02, TRUE, TRUE,white
MIMAT0004597,hsa-miR-140-3p,-0.471691,1.218e-02,-4.046897,1.965e-03, TRUE, TRUE,white
MIMAT0000097,hsa-miR-99a-5p,-0.828871,2.034e-02,-2.921550,3.418e-02, TRUE, TRUE,white
MIMAT0000265,hsa-miR-204-5p,-0.314898,2.034e-02,-4.977433,5.692e-05, TRUE, TRUE,white
MIMAT0000732,hsa-miR-378a-3p,-0.275897,2.045e-02,-3.575467,7.720e-03, TRUE, TRUE,white
MIMAT0004694,hsa-miR-342-5p, 0.613358,2.045e-02, 2.976323,2.973e-02, TRUE, TRUE,white
MIMAT0004504,hsa-miR-31-3p,-0.515269,2.260e-02,-4.086487,1.934e-03, TRUE, TRUE,white
MIMAT0000736,hsa-miR-381-3p,-0.383485,2.701e-02,-3.225111,1.589e-02, TRUE, TRUE,white
MIMAT0000730,hsa-miR-377-3p,-0.519090,3.228e-02,-3.117955,2.098e-02, TRUE, TRUE,white
MIMAT0000729,hsa-miR-376a-3p,-0.501891,3.389e-02,-3.103826,2.109e-02, TRUE, TRUE,white
MIMAT0001627,hsa-miR-433-3p,-0.058981,3.798e-02,-3.664133,6.783e-03, TRUE, TRUE,white
MIMAT0000687,hsa-miR-299-3p,-0.164283,4.697e-02,-2.977146,2.973e-02, TRUE, TRUE,white
MIMAT0000278,hsa-miR-221-3p,-0.458136,4.765e-02,-3.270227,1.499e-02, TRUE, TRUE,white
MIMAT0005942,hsa-miR-1288-3p,-0.305147,1.163e-22,-0.414926,8.323e-01, TRUE,FALSE,rejected
MIMAT0005893,hsa-miR-1305,-0.534039,1.610e-22,-0.505524,7.965e-01, TRUE,FALSE,purple
MIMAT0005938,hsa-miR-1274b,-0.737961,4.916e-05, 0.807415,6.820e-01,FALSE,FALSE,NA
MIMAT0000101,hsa-miR-103a-3p, 0.546526,1.002e-03, 2.182608,1.400e-01, TRUE,FALSE,white
MIMAT0000104,hsa-miR-107, 0.617103,1.008e-03, 2.521998,8.181e-02, TRUE,FALSE,white
MIMAT0007890,hsa-miR-1914-3p,-0.273047,2.699e-03,-0.270747,8.874e-01, TRUE,FALSE,rejected
MIMAT0000063,hsa-let-7b-5p, 0.562943,7.248e-03, 1.458494,3.953e-01, TRUE,FALSE,white
MIMAT0005954,hsa-miR-720,-0.626681,7.248e-03,-0.602877,7.746e-01, TRUE,FALSE,NA
MIMAT0000243,hsa-miR-148a-3p,-0.768130,2.045e-02,-2.404176,9.989e-02, TRUE,FALSE,white
MIMAT0000761,hsa-miR-324-5p, 0.366298,2.588e-02, 2.404660,9.989e-02, TRUE,FALSE,white
MIMAT0000098,hsa-miR-100-5p,-0.664379,2.604e-02,-2.696612,5.801e-02, TRUE,FALSE,white
MIMAT0000093,hsa-miR-93-5p, 0.354868,3.598e-02, 2.107451,1.499e-01, TRUE,FALSE,white
MIMAT0005927,hsa-miR-1274a,-0.440547,3.636e-02,-0.780094,6.820e-01, TRUE,FALSE,NA
MIMAT0003886,hsa-miR-769-5p, 0.294302,3.960e-02, 2.520139,8.181e-02, TRUE,FALSE,white
MIMAT0000452,hsa-miR-154-5p,-0.243224,4.358e-02,-2.547231,7.993e-02, TRUE,FALSE,white
MIMAT0000436,hsa-miR-144-3p,-0.697845,4.697e-02,-2.676846,5.968e-02, TRUE,FALSE,white
MIMAT0003393,hsa-miR-425-5p, 0.471904,4.697e-02, 2.197151,1.375e-01, TRUE,FALSE,white
MIMAT0000266,hsa-miR-205-5p,-1.095377,4.798e-02,-1.882522,2.075e-01, TRUE,FALSE,white
MIMAT0000720,hsa-miR-376c-3p,-0.482654,4.798e-02,-2.580244,7.475e-02, TRUE,FALSE,white
MIMAT0000437,hsa-miR-145-5p,-0.565299,5.063e-02,-2.371218,1.021e-01, TRUE,FALSE,white
MIMAT0000066,hsa-let-7e-5p, 0.650809,5.737e-02, 2.042835,1.624e-01, TRUE,FALSE,white
MIMAT0000261,hsa-miR-183-5p, 0.686334,5.737e-02, 2.415057,9.989e-02, TRUE,FALSE,white
MIMAT0004814,hsa-miR-654-3p,-0.287056,5.782e-02,-2.754416,5.026e-02, TRUE,FALSE,white
MIMAT0000275,hsa-miR-218-5p,-0.398323,7.064e-02,-2.303657,1.104e-01, TRUE,FALSE,white
MIMAT0003299,hsa-miR-630,-0.301575,7.064e-02,-0.700898,7.278e-01, TRUE,FALSE,rejected
MIMAT0002872,hsa-miR-501-5p,-0.114105,7.309e-02,-1.245759,4.842e-01, TRUE,FALSE,white
MIMAT0004605,hsa-miR-129-3p,-0.139002,7.309e-02,-3.714959,6.732e-03, TRUE,FALSE,white
MIMAT0004689,hsa-miR-377-5p,-0.100898,7.309e-02,-3.298920,1.499e-02, TRUE,FALSE,white
MIMAT0000757,hsa-miR-151-3p, 0.387196,7.689e-02, 1.931360,1.995e-01, TRUE,FALSE,white
MIMAT0003228,hsa-miR-564,-0.084498,8.198e-02, 0.488838,7.993e-01,FALSE,FALSE,rejected
MIMAT0000443,hsa-miR-125a-5p, 0.426917,8.263e-02, 2.652378,6.230e-02, TRUE,FALSE,white
MIMAT0000689,hsa-miR-99b-5p, 0.423640,8.294e-02, 2.059098,1.585e-01, TRUE,FALSE,white
MIMAT0000431,hsa-miR-140-5p,-0.407975,8.387e-02,-2.320496,1.077e-01, TRUE,FALSE,white
MIMAT0000267,hsa-miR-210-3p, 0.627787,9.154e-02, 1.878613,2.075e-01, TRUE,FALSE,white
MIMAT0004600,hsa-miR-144-5p,-0.322866,9.154e-02,-2.845299,3.989e-02, TRUE,FALSE,white
MIMAT0005911,hsa-miR-1260,-0.362835,9.154e-02,-0.395506,8.323e-01, TRUE,FALSE,rejected
MIMAT0000074,hsa-miR-19b-3p,-0.351947,9.285e-02,-0.873857,6.593e-01, TRUE,FALSE,white
MIMAT0000445,hsa-miR-126-3p,-0.562497,9.711e-02,-1.988899,1.807e-01, TRUE,FALSE,white
MIMAT0002177,hsa-miR-486-5p,-0.444482,9.711e-02,-3.371809,1.319e-02, TRUE,FALSE,white
MIMAT0001631,hsa-miR-451,-0.977520,1.004e-01,-2.395584,9.994e-02, TRUE,FALSE,yellow
MIMAT0004601,hsa-miR-145-3p,-0.248983,1.004e-01,-2.118779,1.482e-01, TRUE,FALSE,white
MIMAT0004951,hsa-miR-887-3p, 0.261817,1.004e-01, 1.046762,5.752e-01, TRUE,FALSE,white
MIMAT0005898,hsa-miR-1246,-0.713657,1.004e-01,-2.060692,1.585e-01, TRUE,FALSE,rejected
MIMAT0002816,hsa-miR-494-3p,-0.798304,1.023e-01,-0.513530,7.965e-01, TRUE,FALSE,white
MIMAT0003308,hsa-miR-638,-0.502439,1.074e-01, 0.017277,9.900e-01,FALSE,FALSE,rejected
MIMAT0005796,hsa-miR-1271-5p,-0.155631,1.077e-01,-2.138578,1.462e-01, TRUE,FALSE,white
MIMAT0002814,hsa-miR-432-5p,-0.143634,1.174e-01,-2.839708,3.989e-02, TRUE,FALSE,white
MIMAT0000425,hsa-miR-130a-3p,-0.404774,1.178e-01,-2.325238,1.077e-01, TRUE,FALSE,white
MIMAT0000737,hsa-miR-382-5p,-0.175501,1.373e-01,-2.156389,1.462e-01, TRUE,FALSE,white
MIMAT0000760,hsa-miR-331-3p, 0.270029,1.373e-01, 1.257519,4.842e-01, TRUE,FALSE,white
MIMAT0003879,hsa-miR-758-3p,-0.168819,1.373e-01,-2.322261,1.077e-01, TRUE,FALSE,white
MIMAT0000433,hsa-miR-142-5p,-0.495429,1.385e-01,-2.436249,9.832e-02, TRUE,FALSE,white
MIMAT0004606,hsa-miR-136-3p,-0.168908,1.398e-01,-1.731153,2.763e-01, TRUE,FALSE,white
MIMAT0000617,hsa-miR-200c-3p, 0.452967,1.481e-01, 2.229001,1.291e-01, TRUE,FALSE,white
MIMAT0000095,hsa-miR-96-5p, 0.611128,1.580e-01, 2.088881,1.520e-01, TRUE,FALSE,white
MIMAT0000068,hsa-miR-15a-5p, 0.390122,1.612e-01, 1.062363,5.655e-01, TRUE,FALSE,white
MIMAT0000080,hsa-miR-24-3p, 0.220567,1.612e-01,-0.238902,9.032e-01,FALSE,FALSE,white
MIMAT0000245,hsa-miR-30d-5p, 0.401576,1.612e-01, 1.322682,4.562e-01, TRUE,FALSE,white
MIMAT0000252,hsa-miR-7-5p, 0.559695,1.612e-01, 1.923514,2.003e-01, TRUE,FALSE,white
MIMAT0000434,hsa-miR-142-3p,-0.626372,1.612e-01,-1.910590,2.035e-01, TRUE,FALSE,white
MIMAT0000733,hsa-miR-379-5p,-0.257911,1.645e-01,-1.872652,2.076e-01, TRUE,FALSE,white
MIMAT0001638,hsa-miR-409-5p,-0.112452,1.682e-01,-2.249951,1.246e-01, TRUE,FALSE,white
MIMAT0004674,hsa-miR-30c-1-3p,-0.087403,1.682e-01,-2.100938,1.499e-01, TRUE,FALSE,white
MIMAT0000081,hsa-miR-25-3p, 0.251190,1.730e-01, 1.294700,4.708e-01, TRUE,FALSE,white
MIMAT0000432,hsa-miR-141-3p, 0.496705,1.749e-01, 2.333538,1.077e-01, TRUE,FALSE,white
MIMAT0004795,hsa-miR-574-5p,-0.374067,1.749e-01,-0.642185,7.541e-01, TRUE,FALSE,white
MIMAT0005939,hsa-miR-1281,-0.075934,1.749e-01,-1.495309,3.804e-01, TRUE,FALSE,rejected
MIMAT0000099,hsa-miR-101-3p,-0.314494,1.811e-01,-1.481735,3.821e-01, TRUE,FALSE,white
MIMAT0000710,hsa-miR-365a-3p, 0.350260,1.914e-01, 1.505640,3.804e-01, TRUE,FALSE,white
MIMAT0000728,hsa-miR-375, 0.697274,1.914e-01, 1.623566,3.296e-01, TRUE,FALSE,white
MIMAT0004697,hsa-miR-151-5p, 0.333488,1.914e-01, 1.221431,4.877e-01, TRUE,FALSE,white
MIMAT0004767,hsa-miR-193b-5p, 0.129032,1.914e-01, 1.361006,4.421e-01, TRUE,FALSE,white
MIMAT0002809,hsa-miR-146b-5p,-0.408493,2.078e-01,-1.567574,3.559e-01, TRUE,FALSE,white
MIMAT0000086,hsa-miR-29a-3p,-0.237137,2.099e-01,-2.472520,9.116e-02, TRUE,FALSE,white
MIMAT0001639,hsa-miR-409-3p,-0.160203,2.099e-01,-1.985832,1.807e-01, TRUE,FALSE,white
MIMAT0004695,hsa-miR-337-5p,-0.174235,2.099e-01,-1.409083,4.167e-01, TRUE,FALSE,white
MIMAT0000435,hsa-miR-143-3p,-0.331929,2.105e-01,-1.436109,4.070e-01, TRUE,FALSE,white
MIMAT0004558,hsa-miR-181a-2-3p,-0.136923,2.145e-01,-1.344746,4.468e-01, TRUE,FALSE,white
MIMAT0005948,hsa-miR-664*, 0.196638,2.145e-01, 2.133066,1.462e-01, TRUE,FALSE,rejected
MIMAT0002176,hsa-miR-485-3p,-0.057094,2.146e-01,-1.895600,2.075e-01, TRUE,FALSE,white
MIMAT0000691,hsa-miR-130b-3p, 0.254453,2.251e-01, 0.973584,6.078e-01, TRUE,FALSE,white
MIMAT0003237,hsa-miR-572,-0.241421,2.251e-01, 0.309607,8.720e-01,FALSE,FALSE,rejected
MIMAT0000065,hsa-let-7d-5p, 0.364731,2.297e-01, 1.257781,4.842e-01, TRUE,FALSE,white
MIMAT0000256,hsa-miR-181a-5p, 0.331335,2.297e-01, 0.787605,6.820e-01, TRUE,FALSE,white
MIMAT0002890,hsa-miR-299-5p,-0.199139,2.297e-01,-1.669744,3.069e-01, TRUE,FALSE,white
MIMAT0004954,hsa-miR-543,-0.061769,2.327e-01,-1.975282,1.826e-01, TRUE,FALSE,white
MIMAT0003330,hsa-miR-654-5p,-0.046339,2.425e-01,-0.836979,6.668e-01, TRUE,FALSE,white
MIMAT0002171,hsa-miR-410-3p,-0.146103,2.456e-01,-1.324497,4.562e-01, TRUE,FALSE,white
MIMAT0003163,hsa-miR-539-5p,-0.099780,2.474e-01,-1.523636,3.716e-01, TRUE,FALSE,white
MIMAT0000281,hsa-miR-224-5p,-0.413710,2.514e-01,-1.849515,2.160e-01, TRUE,FALSE,white
MIMAT0000279,hsa-miR-222-3p,-0.378931,2.525e-01,-2.140508,1.462e-01, TRUE,FALSE,white
MIMAT0000062,hsa-let-7a-5p, 0.449904,2.531e-01, 1.208827,4.925e-01, TRUE,FALSE,white
MIMAT0000446,hsa-miR-127-3p,-0.280178,2.531e-01,-1.571568,3.559e-01, TRUE,FALSE,white
MIMAT0000680,hsa-miR-106b-5p, 0.204967,2.531e-01, 1.084183,5.585e-01, TRUE,FALSE,white
MIMAT0004557,hsa-miR-34a-3p,-0.102540,2.564e-01,-1.528392,3.716e-01, TRUE,FALSE,white
MIMAT0002175,hsa-miR-485-5p,-0.056408,2.574e-01,-1.889629,2.075e-01, TRUE,FALSE,white
MIMAT0005901,hsa-miR-1249-3p, 0.180767,2.607e-01,-0.389725,8.323e-01,FALSE,FALSE,white
MIMAT0000253,hsa-miR-10a-5p, 0.518743,2.611e-01, 1.432297,4.070e-01, TRUE,FALSE,white
MIMAT0000770,hsa-miR-133b,-0.155704,2.639e-01,-3.459837,1.102e-02, TRUE,FALSE,white
MIMAT0000226,hsa-miR-196a-5p, 0.688348,2.728e-01, 1.311082,4.615e-01, TRUE,FALSE,white
MIMAT0004552,hsa-miR-139-3p,-0.091883,2.728e-01,-1.237945,4.845e-01, TRUE,FALSE,white
MIMAT0000459,hsa-miR-193a-3p, 0.211960,2.739e-01, 0.771184,6.828e-01, TRUE,FALSE,white
MIMAT0000756,hsa-miR-326, 0.112632,2.739e-01, 1.219367,4.877e-01, TRUE,FALSE,white
MIMAT0000759,hsa-miR-148b-3p, 0.191264,2.743e-01, 1.015186,5.872e-01, TRUE,FALSE,white
MIMAT0003340,hsa-miR-542-5p,-0.213385,2.743e-01,-1.488554,3.811e-01, TRUE,FALSE,white
MIMAT0003294,hsa-miR-625-5p, 0.281673,2.777e-01, 1.536762,3.703e-01, TRUE,FALSE,white
MIMAT0000449,hsa-miR-146a-5p,-0.328186,2.890e-01,-1.421348,4.113e-01, TRUE,FALSE,white
MIMAT0000681,hsa-miR-29c-3p, 0.252535,2.913e-01, 2.374410,1.021e-01, TRUE,FALSE,white
MIMAT0003326,hsa-miR-663, 0.291060,2.957e-01, 1.248692,4.842e-01, TRUE,FALSE,rejected
MIMAT0000087,hsa-miR-30a-5p, 0.450383,3.024e-01, 0.954442,6.127e-01, TRUE,FALSE,white
MIMAT0003239,hsa-miR-574-3p,-0.203873,3.055e-01,-0.539731,7.882e-01, TRUE,FALSE,white
MIMAT0004599,hsa-miR-143-5p,-0.086724,3.055e-01,-1.375209,4.350e-01, TRUE,FALSE,white
MIMAT0004748,hsa-miR-423-5p, 0.124555,3.096e-01, 1.074913,5.585e-01, TRUE,FALSE,white
MIMAT0000088,hsa-miR-30a-3p, 0.354358,3.160e-01, 0.994930,5.968e-01, TRUE,FALSE,white
MIMAT0002817,hsa-miR-495-3p,-0.093946,3.241e-01,-1.138929,5.233e-01, TRUE,FALSE,white
MIMAT0000456,hsa-miR-186-5p,-0.156323,3.243e-01,-1.251489,4.842e-01, TRUE,FALSE,white
MIMAT0000318,hsa-miR-200b-3p, 0.398592,3.312e-01, 1.388248,4.288e-01, TRUE,FALSE,white
MIMAT0002173,hsa-miR-483-3p,-0.091765,3.358e-01,-1.586937,3.508e-01, TRUE,FALSE,white
MIMAT0003150,hsa-miR-455-5p,-0.150253,3.421e-01,-1.354437,4.432e-01, TRUE,FALSE,white
MIMAT0003180,hsa-miR-487b-3p,-0.125013,3.489e-01,-1.193099,4.976e-01, TRUE,FALSE,white
MIMAT0000084,hsa-miR-27a-3p, 0.202781,3.529e-01,-0.384375,8.327e-01,FALSE,FALSE,white
MIMAT0004610,hsa-miR-150-3p, 0.131912,3.542e-01, 1.079847,5.585e-01, TRUE,FALSE,white
MIMAT0000416,hsa-miR-1-3p,-0.175099,3.559e-01,-1.642671,3.207e-01, TRUE,FALSE,white
MIMAT0000438,hsa-miR-152-3p,-0.192173,3.632e-01,-0.999835,5.965e-01, TRUE,FALSE,white
MIMAT0000763,hsa-miR-338-3p, 0.360663,3.632e-01, 1.014722,5.872e-01, TRUE,FALSE,white
MIMAT0005792,hsa-miR-320b, 0.219775,3.632e-01,-0.007284,9.942e-01,FALSE,FALSE,rejected
MIMAT0000703,hsa-miR-361-5p, 0.142715,3.713e-01, 0.642577,7.541e-01, TRUE,FALSE,white
MIMAT0000096,hsa-miR-98-5p, 0.320777,3.720e-01, 1.494921,3.804e-01, TRUE,FALSE,white
MIMAT0000067,hsa-let-7f-5p, 0.416848,3.727e-01, 1.219704,4.877e-01, TRUE,FALSE,white
MIMAT0004955,hsa-miR-374b-5p,-0.163589,3.861e-01,-0.922008,6.341e-01, TRUE,FALSE,white
MIMAT0000263,hsa-miR-199b-5p,-0.314388,3.934e-01,-0.776438,6.820e-01, TRUE,FALSE,white
MIMAT0001536,hsa-miR-429, 0.301440,3.991e-01, 1.249917,4.842e-01, TRUE,FALSE,white
MIMAT0000424,hsa-miR-128-3p, 0.182589,4.033e-01, 1.023331,5.872e-01, TRUE,FALSE,white
MIMAT0006764,hsa-miR-320d, 0.183948,4.039e-01, 0.064110,9.816e-01, TRUE,FALSE,rejected
MIMAT0000418,hsa-miR-23b-3p, 0.197688,4.135e-01, 0.438770,8.277e-01, TRUE,FALSE,white
MIMAT0001341,hsa-miR-424-5p,-0.306997,4.312e-01,-0.858542,6.593e-01, TRUE,FALSE,white
MIMAT0003389,hsa-miR-542-3p,-0.159866,4.312e-01,-0.872847,6.593e-01, TRUE,FALSE,white
MIMAT0004568,hsa-miR-221-5p,-0.129712,4.312e-01,-1.151748,5.164e-01, TRUE,FALSE,white
MIMAT0004776,hsa-miR-505-5p,-0.090674,4.323e-01,-1.034849,5.817e-01, TRUE,FALSE,white
MIMAT0000682,hsa-miR-200a-3p, 0.306752,4.628e-01, 1.169013,5.098e-01, TRUE,FALSE,white
MIMAT0004775,hsa-miR-502-3p,-0.089970,4.687e-01,-1.194922,4.976e-01, TRUE,FALSE,white
MIMAT0000727,hsa-miR-374a-5p,-0.227418,4.779e-01,-0.807281,6.820e-01, TRUE,FALSE,white
MIMAT0003233,hsa-miR-551b-3p,-0.190914,4.890e-01,-0.958145,6.127e-01, TRUE,FALSE,white
MIMAT0000064,hsa-let-7c-5p, 0.158198,4.987e-01,-0.428170,8.317e-01,FALSE,FALSE,white
MIMAT0004911,hsa-miR-874-3p,-0.078629,4.987e-01,-1.172842,5.098e-01, TRUE,FALSE,white
MIMAT0000692,hsa-miR-30e-5p,-0.144522,4.999e-01,-0.761938,6.873e-01, TRUE,FALSE,white
MIMAT0000257,hsa-miR-181b-5p, 0.179425,5.019e-01, 0.368186,8.394e-01, TRUE,FALSE,white
MIMAT0000447,hsa-miR-134-5p, 0.102874,5.019e-01, 0.981363,6.049e-01, TRUE,FALSE,white
MIMAT0004550,hsa-miR-30c-2-3p, 0.139263,5.019e-01, 0.797027,6.820e-01, TRUE,FALSE,white
MIMAT0000073,hsa-miR-19a-3p,-0.178774,5.105e-01,-0.559756,7.863e-01, TRUE,FALSE,white
MIMAT0000419,hsa-miR-27b-3p, 0.168596,5.258e-01, 0.509214,7.965e-01, TRUE,FALSE,white
MIMAT0000461,hsa-miR-195-5p,-0.258777,5.258e-01,-0.611550,7.729e-01, TRUE,FALSE,white
MIMAT0000688,hsa-miR-301a-3p, 0.208077,5.258e-01, 0.652563,7.526e-01, TRUE,FALSE,white
MIMAT0003338,hsa-miR-660-5p,-0.166770,5.347e-01,-0.595484,7.752e-01, TRUE,FALSE,white
MIMAT0003329,hsa-miR-411-5p,-0.045831,5.377e-01,-0.687216,7.308e-01, TRUE,FALSE,white
MIMAT0003221,hsa-miR-557, 0.063848,5.386e-01, 0.829233,6.699e-01, TRUE,FALSE,purple
MIMAT0004780,hsa-miR-532-3p,-0.070144,5.386e-01,-0.925691,6.341e-01, TRUE,FALSE,white
MIMAT0004784,hsa-miR-455-3p,-0.189624,5.386e-01,-0.844823,6.637e-01, TRUE,FALSE,white
MIMAT0003888,hsa-miR-766-3p,-0.049183,5.404e-01,-0.893894,6.518e-01, TRUE,FALSE,purple
MIMAT0002174,hsa-miR-484, 0.058066,5.493e-01, 0.669324,7.410e-01, TRUE,FALSE,rejected
MIMAT0001618,hsa-miR-191-3p, 0.034213,5.997e-01,-0.684514,7.308e-01,FALSE,FALSE,white
MIMAT0004571,hsa-miR-200b-5p, 0.121034,5.997e-01, 0.913589,6.376e-01, TRUE,FALSE,white
MIMAT0000076,hsa-miR-21-5p, 0.160109,6.184e-01,-0.025287,9.873e-01,FALSE,FALSE,white
MIMAT0002805,hsa-miR-489-3p, 0.101262,6.217e-01, 1.158641,5.146e-01, TRUE,FALSE,white
MIMAT0000705,hsa-miR-362-5p,-0.092866,6.400e-01,-0.848576,6.637e-01, TRUE,FALSE,white
MIMAT0003258,hsa-miR-590-5p,-0.172416,6.400e-01,-0.621080,7.699e-01, TRUE,FALSE,white
MIMAT0005865,hsa-miR-1202, 0.232625,6.660e-01, 0.054163,9.816e-01, TRUE,FALSE,rejected
MIMAT0000457,hsa-miR-188-5p,-0.076798,6.911e-01, 0.412995,8.323e-01,FALSE,FALSE,white
MIMAT0000231,hsa-miR-199a-5p,-0.139422,6.953e-01,-0.785641,6.820e-01, TRUE,FALSE,white
MIMAT0000255,hsa-miR-34a-5p, 0.094096,6.953e-01,-1.703178,2.897e-01,FALSE,FALSE,white
MIMAT0004682,hsa-miR-361-3p,-0.076489,6.982e-01,-0.862080,6.593e-01, TRUE,FALSE,white
MIMAT0004683,hsa-miR-362-3p,-0.085860,6.982e-01,-0.572116,7.829e-01, TRUE,FALSE,white
MIMAT0005593,hsa-miR-1238-3p,-0.027964,6.982e-01,-2.130812,1.462e-01, TRUE,FALSE,rejected
MIMAT0004982,hsa-miR-939-5p,-0.093725,7.059e-01, 0.870866,6.593e-01,FALSE,FALSE,rejected
MIMAT0000765,hsa-miR-335-5p,-0.107086,7.220e-01,-0.732538,7.024e-01, TRUE,FALSE,white
MIMAT0000094,hsa-miR-95-3p,-0.090904,7.280e-01,-0.436937,8.277e-01, TRUE,FALSE,white
MIMAT0005929,hsa-miR-1275,-0.119832,7.319e-01,-0.522348,7.965e-01, TRUE,FALSE,rejected
MIMAT0000646,hsa-miR-155-5p,-0.135182,7.424e-01,-0.544474,7.882e-01, TRUE,FALSE,white
MIMAT0004774,hsa-miR-501-3p, 0.037058,7.481e-01, 0.481137,7.993e-01, TRUE,FALSE,white
MIMAT0003322,hsa-miR-652-3p, 0.074773,7.521e-01, 0.491059,7.993e-01, TRUE,FALSE,white
MIMAT0000254,hsa-miR-10b-5p,-0.154772,7.548e-01,-0.213250,9.147e-01, TRUE,FALSE,white
MIMAT0000685,hsa-miR-34b-5p,-0.081036,7.548e-01,-0.398458,8.323e-01, TRUE,FALSE,white
MIMAT0003885,hsa-miR-454-3p, 0.104082,7.548e-01, 0.540059,7.882e-01, TRUE,FALSE,white
MIMAT0000100,hsa-miR-29b-3p,-0.125702,7.587e-01, 0.041663,9.816e-01,FALSE,FALSE,white
MIMAT0000271,hsa-miR-214-3p, 0.114989,7.666e-01,-0.345144,8.484e-01,FALSE,FALSE,white
MIMAT0000510,hsa-miR-320a, 0.077325,7.678e-01,-0.290957,8.837e-01,FALSE,FALSE,rejected
MIMAT0004514,hsa-miR-29b-1-5p,-0.048045,7.678e-01,-0.507830,7.965e-01, TRUE,FALSE,white
MIMAT0004589,hsa-miR-30b-3p, 0.038918,7.678e-01, 0.482877,7.993e-01, TRUE,FALSE,white
MIMAT0004614,hsa-miR-193a-5p,-0.074953,7.678e-01,-1.243206,4.842e-01, TRUE,FALSE,white
MIMAT0000075,hsa-miR-20a-5p,-0.110439,7.959e-01,-0.391982,8.323e-01, TRUE,FALSE,white
MIMAT0000083,hsa-miR-26b-5p,-0.154236,7.959e-01, 0.069941,9.816e-01,FALSE,FALSE,white
MIMAT0000420,hsa-miR-30b-5p, 0.082152,7.959e-01, 0.781852,6.820e-01, TRUE,FALSE,white
MIMAT0000762,hsa-miR-324-3p, 0.057055,7.959e-01,-0.166700,9.423e-01,FALSE,FALSE,white
MIMAT0004484,hsa-let-7d-3p, 0.011497,7.959e-01, 1.083801,5.585e-01, TRUE,FALSE,white
MIMAT0004945,hsa-miR-744-5p, 0.036839,7.959e-01, 0.536140,7.882e-01, TRUE,FALSE,white
MIMAT0005793,hsa-miR-320c, 0.065038,7.959e-01,-0.420925,8.323e-01,FALSE,FALSE,rejected
MIMAT0000693,hsa-miR-30e-3p,-0.065031,8.096e-01,-0.153043,9.501e-01, TRUE,FALSE,white
MIMAT0003266,hsa-miR-598-3p,-0.041425,8.137e-01,-0.049019,9.816e-01, TRUE,FALSE,rejected
MIMAT0004761,hsa-miR-483-5p, 0.074219,8.181e-01, 0.593429,7.752e-01, TRUE,FALSE,white
MIMAT0004595,hsa-miR-135a-3p, 0.037809,8.298e-01,-0.047641,9.816e-01,FALSE,FALSE,white
MIMAT0000415,hsa-let-7i-5p, 0.052637,8.490e-01,-1.562445,3.559e-01,FALSE,FALSE,white
MIMAT0002820,hsa-miR-497-5p,-0.058482,8.492e-01,-1.076113,5.585e-01, TRUE,FALSE,white
MIMAT0000069,hsa-miR-16-5p, 0.111346,8.498e-01, 0.389040,8.323e-01, TRUE,FALSE,white
MIMAT0003240,hsa-miR-575,-0.070776,8.546e-01, 0.963845,6.125e-01,FALSE,FALSE,rejected
MIMAT0001413,hsa-miR-20b-5p,-0.074777,8.548e-01,-0.278131,8.874e-01, TRUE,FALSE,white
MIMAT0000232,hsa-miR-199a-3p, 0.097812,8.553e-01, 0.221044,9.147e-01, TRUE,FALSE,white
MIMAT0000244,hsa-miR-30c-5p, 0.053075,8.553e-01, 0.171602,9.420e-01, TRUE,FALSE,white
MIMAT0000258,hsa-miR-181c-5p,-0.050198,8.553e-01,-0.034749,9.834e-01, TRUE,FALSE,white
MIMAT0000686,hsa-miR-34c-5p,-0.047055,8.553e-01, 0.118886,9.602e-01,FALSE,FALSE,white
MIMAT0000755,hsa-miR-323-3p, 0.008821,8.553e-01, 0.572442,7.829e-01, TRUE,FALSE,white
MIMAT0002874,hsa-miR-503-5p,-0.041954,8.553e-01,-0.043668,9.816e-01, TRUE,FALSE,white
MIMAT0004602,hsa-miR-125a-3p,-0.045332,8.553e-01, 0.542750,7.882e-01,FALSE,FALSE,white
MIMAT0000460,hsa-miR-194-5p, 0.032612,8.609e-01, 0.468751,8.067e-01, TRUE,FALSE,white
MIMAT0002888,hsa-miR-532-5p,-0.035241,8.609e-01,-0.349157,8.484e-01, TRUE,FALSE,white
MIMAT0000092,hsa-miR-92a-3p, 0.047339,8.683e-01,-0.685298,7.308e-01,FALSE,FALSE,white
MIMAT0000082,hsa-miR-26a-5p,-0.042982,8.683e-01,-0.376010,8.363e-01, TRUE,FALSE,white
MIMAT0000442,hsa-miR-9-3p, 0.056754,8.683e-01, 0.499671,7.980e-01, TRUE,FALSE,white
MIMAT0000078,hsa-miR-23a-3p, 0.041818,8.749e-01,-0.566112,7.845e-01,FALSE,FALSE,white
MIMAT0004493,hsa-miR-20a-3p,-0.029647,8.826e-01, 0.088699,9.773e-01,FALSE,FALSE,white
MIMAT0004762,hsa-miR-486-3p,-0.013623,8.826e-01,-0.578179,7.829e-01, TRUE,FALSE,white
MIMAT0000414,hsa-let-7g-5p, 0.056617,8.974e-01, 0.256888,8.952e-01, TRUE,FALSE,white
MIMAT0000707,hsa-miR-363-3p, 0.055525,9.044e-01, 0.212302,9.147e-01, TRUE,FALSE,white
MIMAT0000752,hsa-miR-328-3p,-0.005952,9.209e-01, 0.330095,8.579e-01,FALSE,FALSE,white
MIMAT0000085,hsa-miR-28-5p,-0.025584,9.294e-01,-0.123460,9.602e-01, TRUE,FALSE,white
MIMAT0000227,hsa-miR-197-3p, 0.024535,9.294e-01,-0.287643,8.837e-01,FALSE,FALSE,white
MIMAT0000426,hsa-miR-132-3p,-0.015147,9.294e-01,-0.103912,9.684e-01, TRUE,FALSE,white
MIMAT0004587,hsa-miR-23b-5p,-0.008772,9.320e-01, 0.048995,9.816e-01,FALSE,FALSE,white
MIMAT0004594,hsa-miR-132-5p, 0.010530,9.370e-01, 0.864011,6.593e-01, TRUE,FALSE,white
MIMAT0000072,hsa-miR-18a-5p,-0.017433,9.409e-01, 0.118240,9.602e-01,FALSE,FALSE,white
MIMAT0001412,hsa-miR-18b-5p,-0.015466,9.409e-01, 0.130439,9.602e-01,FALSE,FALSE,white
MIMAT0000269,hsa-miR-212-3p,-0.005132,9.585e-01, 0.357154,8.454e-01,FALSE,FALSE,white
MIMAT0002813,hsa-miR-493-5p, 0.007406,9.585e-01, 0.734271,7.024e-01, TRUE,FALSE,white
MIMAT0004494,hsa-miR-21-3p, 0.018544,9.585e-01,-0.173057,9.420e-01,FALSE,FALSE,white
MIMAT0005949,hsa-miR-664, 0.004559,9.585e-01, 0.066289,9.816e-01, TRUE,FALSE,rejected
MIMAT0000070,hsa-miR-17-5p, 0.008439,9.641e-01, 0.129969,9.602e-01, TRUE,FALSE,white
MIMAT0000077,hsa-miR-22-3p, 0.010061,9.641e-01,-0.789818,6.820e-01,FALSE,FALSE,white
MIMAT0000455,hsa-miR-185-5p,-0.008609,9.641e-01,-0.744867,6.990e-01, TRUE,FALSE,white
MIMAT0001080,hsa-miR-196b-5p,-0.009025,9.641e-01, 0.401269,8.323e-01,FALSE,FALSE,white
MIMAT0002821,hsa-miR-181d-5p, 0.007543,9.641e-01, 0.270328,8.874e-01, TRUE,FALSE,white
MIMAT0003945,hsa-miR-765, 0.006077,9.641e-01, 0.609058,7.729e-01, TRUE,FALSE,rejected
MIMAT0000222,hsa-miR-192-5p, 0.008943,9.652e-01, 0.247927,8.992e-01, TRUE,FALSE,white
