MIMAT,name,logFC.merged,adj.P.Val.merged,TestStatistic.meta,adj.P.Val.meta,same_dir,consensus,curated
MIMAT0005893,hsa-miR-1305,-0.5416011,5.788e-23,-0.976732,0.74472, TRUE,FALSE,purple
MIMAT0005942,hsa-miR-1288-3p,-0.3051297,5.788e-23,-0.561623,0.83039, TRUE,FALSE,rejected
MIMAT0005938,hsa-miR-1274b,-0.7883832,1.565e-05,-0.297814,0.94016, TRUE,FALSE,NA
MIMAT0007890,hsa-miR-1914-3p,-0.3120190,5.341e-04,-0.747368,0.79766, TRUE,FALSE,rejected
MIMAT0005954,hsa-miR-720,-0.7711616,1.275e-03,-1.541817,0.57401, TRUE,FALSE,NA
MIMAT0000417,hsa-miR-15b-5p, 0.5519974,7.114e-03, 1.759615,0.47320, TRUE,FALSE,white
MIMAT0000063,hsa-let-7b-5p, 0.5887890,8.686e-03, 1.823214,0.47320, TRUE,FALSE,white
MIMAT0005927,hsa-miR-1274a,-0.5651648,1.149e-02,-1.588241,0.57057, TRUE,FALSE,NA
MIMAT0005911,hsa-miR-1260,-0.5730717,1.395e-02,-1.596423,0.57057, TRUE,FALSE,rejected
MIMAT0004673,hsa-miR-29c-5p, 0.5623524,1.606e-02, 3.431047,0.07967, TRUE,FALSE,white
MIMAT0000104,hsa-miR-107, 0.5059461,1.865e-02, 1.994760,0.43805, TRUE,FALSE,white
MIMAT0000074,hsa-miR-19b-3p,-0.4733208,5.562e-02,-1.729397,0.48240, TRUE,FALSE,white
MIMAT0002816,hsa-miR-494-3p,-1.1017065,5.562e-02,-1.192445,0.70174, TRUE,FALSE,white
MIMAT0000101,hsa-miR-103a-3p, 0.3634503,9.503e-02, 1.061994,0.70174, TRUE,FALSE,white
MIMAT0000451,hsa-miR-150-5p,-1.0129051,9.503e-02,-2.750308,0.21056, TRUE,FALSE,white
MIMAT0002872,hsa-miR-501-5p,-0.1309779,9.503e-02,-1.802366,0.47320, TRUE,FALSE,white
MIMAT0002876,hsa-miR-505-3p,-0.2441464,9.503e-02,-3.818249,0.03562, TRUE,FALSE,white
MIMAT0005898,hsa-miR-1246,-0.8863457,9.503e-02,-2.443270,0.27281, TRUE,FALSE,rejected
MIMAT0000732,hsa-miR-378a-3p,-0.2264105,1.571e-01,-3.202205,0.12047, TRUE,FALSE,white
MIMAT0004795,hsa-miR-574-5p,-0.5007195,1.635e-01,-1.175222,0.70174, TRUE,FALSE,white
MIMAT0000066,hsa-let-7e-5p, 0.6075899,2.017e-01, 1.924879,0.44921, TRUE,FALSE,white
MIMAT0003299,hsa-miR-630,-0.2886689,2.059e-01,-0.481345,0.86991, TRUE,FALSE,rejected
MIMAT0000088,hsa-miR-30a-3p, 0.6034677,2.125e-01, 1.974658,0.43805, TRUE,FALSE,white
MIMAT0000761,hsa-miR-324-5p, 0.2836957,2.137e-01, 1.759052,0.47320, TRUE,FALSE,white
MIMAT0002819,hsa-miR-193b-3p, 0.4251933,2.137e-01, 2.421322,0.27281, TRUE,FALSE,white
MIMAT0003228,hsa-miR-564,-0.0811864,2.137e-01, 0.569674,0.83039,FALSE,FALSE,rejected
MIMAT0005939,hsa-miR-1281,-0.0921252,2.137e-01,-1.781153,0.47320, TRUE,FALSE,rejected
MIMAT0000089,hsa-miR-31-5p,-0.4002551,2.225e-01,-2.955190,0.16561, TRUE,FALSE,white
MIMAT0004694,hsa-miR-342-5p, 0.4584018,2.225e-01, 2.210879,0.33570, TRUE,FALSE,white
MIMAT0000064,hsa-let-7c-5p, 0.3609915,2.289e-01, 0.614661,0.81586, TRUE,FALSE,white
MIMAT0000253,hsa-miR-10a-5p, 0.7342738,2.577e-01, 1.968972,0.43805, TRUE,FALSE,white
MIMAT0001627,hsa-miR-433-3p,-0.0454872,2.577e-01,-2.728799,0.21056, TRUE,FALSE,white
MIMAT0000433,hsa-miR-142-5p,-0.5063103,2.662e-01,-2.785024,0.21056, TRUE,FALSE,white
MIMAT0000436,hsa-miR-144-3p,-0.5491646,2.662e-01,-2.280833,0.32682, TRUE,FALSE,white
MIMAT0000450,hsa-miR-149-5p, 0.4732381,2.662e-01, 2.199122,0.33570, TRUE,FALSE,white
MIMAT0000753,hsa-miR-342-3p, 0.5342651,2.662e-01, 1.894636,0.46689, TRUE,FALSE,white
MIMAT0000280,hsa-miR-223-3p,-0.5814457,2.748e-01,-2.515587,0.27281, TRUE,FALSE,white
MIMAT0000065,hsa-let-7d-5p, 0.4454702,2.783e-01, 1.534953,0.57401, TRUE,FALSE,white
MIMAT0004597,hsa-miR-140-3p,-0.3023065,2.783e-01,-3.073424,0.14020, TRUE,FALSE,white
MIMAT0004603,hsa-miR-125b-2-3p,-0.2384516,2.954e-01,-2.492590,0.27281, TRUE,FALSE,white
MIMAT0000434,hsa-miR-142-3p,-0.6310216,3.116e-01,-2.255126,0.32682, TRUE,FALSE,white
MIMAT0000062,hsa-let-7a-5p, 0.5526665,3.288e-01, 1.490423,0.58177, TRUE,FALSE,white
MIMAT0000455,hsa-miR-185-5p,-0.2399912,3.731e-01,-2.359681,0.28512, TRUE,FALSE,white
MIMAT0000084,hsa-miR-27a-3p, 0.2854004,4.208e-01, 0.050338,0.98804, TRUE,FALSE,white
MIMAT0000243,hsa-miR-148a-3p,-0.4643904,4.221e-01,-1.854880,0.47320, TRUE,FALSE,white
MIMAT0000261,hsa-miR-183-5p, 0.4814244,4.325e-01, 1.800438,0.47320, TRUE,FALSE,white
MIMAT0000278,hsa-miR-221-3p,-0.3091532,4.543e-01,-2.398298,0.27281, TRUE,FALSE,white
MIMAT0000271,hsa-miR-214-3p, 0.3964088,4.623e-01, 0.643154,0.80726, TRUE,FALSE,white
MIMAT0000423,hsa-miR-125b-5p,-0.4138441,4.623e-01,-1.414307,0.61290, TRUE,FALSE,white
MIMAT0000068,hsa-miR-15a-5p, 0.3394058,4.665e-01, 0.861520,0.78247, TRUE,FALSE,white
MIMAT0000087,hsa-miR-30a-5p, 0.5226851,4.665e-01, 1.387783,0.61660, TRUE,FALSE,white
MIMAT0000279,hsa-miR-222-3p,-0.4096085,4.665e-01,-2.008972,0.43805, TRUE,FALSE,white
MIMAT0000095,hsa-miR-96-5p, 0.5227661,4.711e-01, 1.999451,0.43805, TRUE,FALSE,white
MIMAT0000096,hsa-miR-98-5p, 0.4314718,4.754e-01, 1.514241,0.57401, TRUE,FALSE,white
MIMAT0004697,hsa-miR-151-5p, 0.2991996,4.938e-01, 1.052543,0.70174, TRUE,FALSE,white
MIMAT0000067,hsa-let-7f-5p, 0.5487488,4.959e-01, 1.496593,0.58177, TRUE,FALSE,white
MIMAT0003886,hsa-miR-769-5p, 0.1742131,4.959e-01, 1.612030,0.57057, TRUE,FALSE,white
MIMAT0000250,hsa-miR-139-5p,-0.1910740,5.002e-01,-2.423378,0.27281, TRUE,FALSE,white
MIMAT0000244,hsa-miR-30c-5p, 0.2740866,5.019e-01, 1.050489,0.70174, TRUE,FALSE,white
MIMAT0000418,hsa-miR-23b-3p, 0.2685558,5.019e-01, 0.937555,0.74472, TRUE,FALSE,white
MIMAT0000705,hsa-miR-362-5p,-0.2018489,5.019e-01,-1.954265,0.43805, TRUE,FALSE,white
MIMAT0004550,hsa-miR-30c-2-3p, 0.2270030,5.019e-01, 1.275476,0.68676, TRUE,FALSE,white
MIMAT0005948,hsa-miR-664*, 0.1748405,5.036e-01, 1.949430,0.43805, TRUE,FALSE,rejected
MIMAT0000449,hsa-miR-146a-5p,-0.3400165,5.129e-01,-1.795258,0.47320, TRUE,FALSE,white
MIMAT0002805,hsa-miR-489-3p, 0.2038609,5.129e-01, 1.472344,0.59279, TRUE,FALSE,white
MIMAT0004600,hsa-miR-144-5p,-0.2166528,5.129e-01,-2.044299,0.43805, TRUE,FALSE,white
MIMAT0004605,hsa-miR-129-3p,-0.0861646,5.247e-01,-1.859802,0.47320, TRUE,FALSE,white
MIMAT0005792,hsa-miR-320b, 0.2553594,5.287e-01, 0.156189,0.97014, TRUE,FALSE,rejected
MIMAT0004494,hsa-miR-21-3p,-0.3196251,5.473e-01,-1.523453,0.57401, TRUE,FALSE,white
MIMAT0000232,hsa-miR-199a-3p, 0.4574331,6.529e-01, 0.911526,0.76139, TRUE,FALSE,white
MIMAT0000073,hsa-miR-19a-3p,-0.2536621,6.573e-01,-1.128372,0.70174, TRUE,FALSE,white
MIMAT0001631,hsa-miR-451,-0.5964099,6.573e-01,-1.768624,0.47320, TRUE,FALSE,yellow
MIMAT0004504,hsa-miR-31-3p,-0.2314833,6.713e-01,-1.734932,0.48240, TRUE,FALSE,white
MIMAT0000431,hsa-miR-140-5p,-0.2272852,6.766e-01,-1.802841,0.47320, TRUE,FALSE,white
MIMAT0000443,hsa-miR-125a-5p, 0.2342940,6.766e-01, 1.605700,0.57057, TRUE,FALSE,white
MIMAT0004911,hsa-miR-874-3p,-0.1024732,6.766e-01,-1.154297,0.70174, TRUE,FALSE,white
MIMAT0005901,hsa-miR-1249-3p, 0.1481864,6.766e-01,-1.034824,0.70174,FALSE,FALSE,white
MIMAT0000456,hsa-miR-186-5p,-0.1449170,6.847e-01,-1.653193,0.54265, TRUE,FALSE,white
MIMAT0003308,hsa-miR-638,-0.2904898,6.847e-01, 0.740810,0.79766,FALSE,FALSE,rejected
MIMAT0000226,hsa-miR-196a-5p, 0.5696292,6.901e-01, 1.190179,0.70174, TRUE,FALSE,white
MIMAT0000457,hsa-miR-188-5p,-0.1428945,6.901e-01, 0.106251,0.97607,FALSE,FALSE,white
MIMAT0004594,hsa-miR-132-5p, 0.0976249,6.901e-01, 1.556604,0.57401, TRUE,FALSE,white
MIMAT0000080,hsa-miR-24-3p, 0.1387450,7.149e-01,-1.063635,0.70174,FALSE,FALSE,white
MIMAT0000419,hsa-miR-27b-3p, 0.2107398,7.252e-01, 0.636164,0.80726, TRUE,FALSE,white
MIMAT0000445,hsa-miR-126-3p,-0.2942356,7.252e-01,-1.217743,0.70174, TRUE,FALSE,white
MIMAT0000736,hsa-miR-381-3p,-0.1654850,7.252e-01,-1.558014,0.57401, TRUE,FALSE,white
MIMAT0000760,hsa-miR-331-3p, 0.1580126,7.252e-01, 0.409354,0.90603, TRUE,FALSE,white
MIMAT0000763,hsa-miR-338-3p, 0.3288066,7.252e-01, 0.839573,0.78744, TRUE,FALSE,white
MIMAT0004484,hsa-let-7d-3p, 0.0310272,7.252e-01, 1.455257,0.60287, TRUE,FALSE,white
MIMAT0004775,hsa-miR-502-3p,-0.0999313,7.252e-01,-1.579968,0.57057, TRUE,FALSE,white
MIMAT0006764,hsa-miR-320d, 0.1802301,7.252e-01, 0.196121,0.96947, TRUE,FALSE,rejected
MIMAT0003294,hsa-miR-625-5p, 0.2135360,7.543e-01, 1.116941,0.70174, TRUE,FALSE,white
MIMAT0002820,hsa-miR-497-5p, 0.1941290,7.574e-01, 0.114202,0.97552, TRUE,FALSE,white
MIMAT0003237,hsa-miR-572,-0.1578566,7.574e-01, 0.852537,0.78247,FALSE,FALSE,rejected
MIMAT0000072,hsa-miR-18a-5p,-0.1155256,7.729e-01,-0.826511,0.79272, TRUE,FALSE,white
MIMAT0000076,hsa-miR-21-5p,-0.1941024,7.729e-01,-1.033037,0.70174, TRUE,FALSE,white
MIMAT0000078,hsa-miR-23a-3p, 0.1555038,7.729e-01, 0.009107,0.99649, TRUE,FALSE,white
MIMAT0000252,hsa-miR-7-5p, 0.2602874,7.729e-01, 1.174143,0.70174, TRUE,FALSE,white
MIMAT0000254,hsa-miR-10b-5p, 0.2324545,7.729e-01, 0.761854,0.79348, TRUE,FALSE,white
MIMAT0000258,hsa-miR-181c-5p, 0.1294939,7.729e-01, 0.641812,0.80726, TRUE,FALSE,white
MIMAT0000266,hsa-miR-205-5p,-0.4380606,7.729e-01,-0.606713,0.81720, TRUE,FALSE,white
MIMAT0000269,hsa-miR-212-3p, 0.0470305,7.729e-01, 1.091058,0.70174, TRUE,FALSE,white
MIMAT0000281,hsa-miR-224-5p,-0.2451286,7.729e-01,-1.417645,0.61290, TRUE,FALSE,white
MIMAT0000318,hsa-miR-200b-3p, 0.2356047,7.729e-01, 0.876951,0.78247, TRUE,FALSE,white
MIMAT0000426,hsa-miR-132-3p, 0.0773821,7.729e-01, 0.532316,0.83800, TRUE,FALSE,white
MIMAT0000437,hsa-miR-145-5p,-0.1917927,7.729e-01,-0.735156,0.79766, TRUE,FALSE,white
MIMAT0000447,hsa-miR-134-5p, 0.1038486,7.729e-01, 1.185817,0.70174, TRUE,FALSE,white
MIMAT0000646,hsa-miR-155-5p,-0.2427720,7.729e-01,-1.088068,0.70174, TRUE,FALSE,white
MIMAT0000680,hsa-miR-106b-5p,-0.1359969,7.729e-01,-1.122475,0.70174, TRUE,FALSE,white
MIMAT0000681,hsa-miR-29c-3p, 0.1896522,7.729e-01, 2.246604,0.32682, TRUE,FALSE,white
MIMAT0000682,hsa-miR-200a-3p, 0.2957270,7.729e-01, 1.089523,0.70174, TRUE,FALSE,white
MIMAT0000687,hsa-miR-299-3p,-0.0681995,7.729e-01,-1.276808,0.68676, TRUE,FALSE,white
MIMAT0000689,hsa-miR-99b-5p, 0.1699331,7.729e-01, 0.799452,0.79272, TRUE,FALSE,white
MIMAT0000691,hsa-miR-130b-3p,-0.1601341,7.729e-01,-1.344577,0.63163, TRUE,FALSE,white
MIMAT0000692,hsa-miR-30e-5p,-0.1432539,7.729e-01,-1.117683,0.70174, TRUE,FALSE,white
MIMAT0000693,hsa-miR-30e-3p, 0.1345145,7.729e-01, 0.549761,0.83437, TRUE,FALSE,white
MIMAT0000710,hsa-miR-365a-3p, 0.1540015,7.729e-01, 0.721403,0.79766, TRUE,FALSE,white
MIMAT0000729,hsa-miR-376a-3p,-0.1722490,7.729e-01,-1.256612,0.70072, TRUE,FALSE,white
MIMAT0000730,hsa-miR-377-3p,-0.1607805,7.729e-01,-1.392748,0.61660, TRUE,FALSE,white
MIMAT0000737,hsa-miR-382-5p,-0.0717187,7.729e-01,-1.086142,0.70174, TRUE,FALSE,white
MIMAT0000752,hsa-miR-328-3p, 0.0270912,7.729e-01, 0.946440,0.74472, TRUE,FALSE,white
MIMAT0000755,hsa-miR-323-3p, 0.0294166,7.729e-01, 1.147332,0.70174, TRUE,FALSE,white
MIMAT0000756,hsa-miR-326, 0.0619450,7.729e-01, 0.715102,0.79766, TRUE,FALSE,white
MIMAT0000770,hsa-miR-133b,-0.0798740,7.729e-01,-1.237526,0.70174, TRUE,FALSE,white
MIMAT0001080,hsa-miR-196b-5p, 0.1443606,7.729e-01, 0.949466,0.74472, TRUE,FALSE,white
MIMAT0001412,hsa-miR-18b-5p,-0.1055099,7.729e-01,-0.713423,0.79766, TRUE,FALSE,white
MIMAT0001536,hsa-miR-429, 0.2163530,7.729e-01, 0.852268,0.78247, TRUE,FALSE,white
MIMAT0001618,hsa-miR-191-3p, 0.0352157,7.729e-01,-0.792051,0.79272,FALSE,FALSE,white
MIMAT0002177,hsa-miR-486-5p,-0.2022581,7.729e-01,-2.662275,0.22853, TRUE,FALSE,white
MIMAT0002809,hsa-miR-146b-5p,-0.1985811,7.729e-01,-1.076878,0.70174, TRUE,FALSE,white
MIMAT0002813,hsa-miR-493-5p, 0.0894936,7.729e-01, 1.329059,0.64098, TRUE,FALSE,white
MIMAT0002888,hsa-miR-532-5p,-0.1083499,7.729e-01,-1.179595,0.70174, TRUE,FALSE,white
MIMAT0003266,hsa-miR-598-3p, 0.0849361,7.729e-01, 0.855957,0.78247, TRUE,FALSE,rejected
MIMAT0003879,hsa-miR-758-3p,-0.0690844,7.729e-01,-1.023861,0.70490, TRUE,FALSE,white
MIMAT0003888,hsa-miR-766-3p,-0.0486185,7.729e-01,-0.806722,0.79272, TRUE,FALSE,purple
MIMAT0004557,hsa-miR-34a-3p,-0.0614473,7.729e-01,-1.142309,0.70174, TRUE,FALSE,white
MIMAT0004558,hsa-miR-181a-2-3p,-0.0762784,7.729e-01,-1.032405,0.70174, TRUE,FALSE,white
MIMAT0004571,hsa-miR-200b-5p, 0.1447276,7.729e-01, 0.637455,0.80726, TRUE,FALSE,white
MIMAT0004595,hsa-miR-135a-3p,-0.0904295,7.729e-01,-0.563069,0.83039, TRUE,FALSE,white
MIMAT0004614,hsa-miR-193a-5p,-0.1369312,7.729e-01,-1.691773,0.51133, TRUE,FALSE,white
MIMAT0004674,hsa-miR-30c-1-3p,-0.0439966,7.729e-01,-1.371480,0.62600, TRUE,FALSE,white
MIMAT0004682,hsa-miR-361-3p,-0.1210782,7.729e-01,-1.398740,0.61660, TRUE,FALSE,white
MIMAT0004767,hsa-miR-193b-5p, 0.0748718,7.729e-01, 1.097659,0.70174, TRUE,FALSE,white
MIMAT0004780,hsa-miR-532-3p,-0.0803696,7.729e-01,-1.350215,0.63163, TRUE,FALSE,white
MIMAT0004814,hsa-miR-654-3p,-0.0958280,7.729e-01,-1.145399,0.70174, TRUE,FALSE,white
MIMAT0004951,hsa-miR-887-3p, 0.0973382,7.729e-01, 0.416549,0.90603, TRUE,FALSE,white
MIMAT0004955,hsa-miR-374b-5p,-0.1243922,7.729e-01,-1.043660,0.70174, TRUE,FALSE,white
MIMAT0005593,hsa-miR-1238-3p,-0.0419672,7.729e-01,-2.483803,0.27281, TRUE,FALSE,rejected
MIMAT0005865,hsa-miR-1202, 0.3289602,7.729e-01, 0.393486,0.90603, TRUE,FALSE,rejected
MIMAT0000425,hsa-miR-130a-3p,-0.1514729,7.797e-01,-1.515088,0.57401, TRUE,FALSE,white
MIMAT0000231,hsa-miR-199a-5p, 0.1690341,7.840e-01, 0.256508,0.94354, TRUE,FALSE,white
MIMAT0000720,hsa-miR-376c-3p,-0.1463656,7.840e-01,-1.099548,0.70174, TRUE,FALSE,white
MIMAT0004602,hsa-miR-125a-3p,-0.1089528,7.871e-01, 0.320907,0.93736,FALSE,FALSE,white
MIMAT0000070,hsa-miR-17-5p,-0.1123448,7.958e-01,-0.766979,0.79338, TRUE,FALSE,white
MIMAT0000075,hsa-miR-20a-5p,-0.1584099,7.958e-01,-0.858224,0.78247, TRUE,FALSE,white
MIMAT0000077,hsa-miR-22-3p,-0.1000042,7.958e-01,-1.427589,0.61290, TRUE,FALSE,white
MIMAT0000265,hsa-miR-204-5p,-0.0730792,7.958e-01,-0.943970,0.74472, TRUE,FALSE,white
MIMAT0000267,hsa-miR-210-3p, 0.1812383,7.958e-01, 0.287917,0.94016, TRUE,FALSE,white
MIMAT0000415,hsa-let-7i-5p, 0.0990797,7.958e-01,-1.428736,0.61290,FALSE,FALSE,white
MIMAT0000424,hsa-miR-128-3p, 0.0984262,7.958e-01, 0.471135,0.87539, TRUE,FALSE,white
MIMAT0000452,hsa-miR-154-5p,-0.0683697,7.958e-01,-0.915298,0.76139, TRUE,FALSE,white
MIMAT0000510,hsa-miR-320a, 0.0986987,7.958e-01, 0.038233,0.98869, TRUE,FALSE,rejected
MIMAT0000686,hsa-miR-34c-5p, 0.0988388,7.958e-01, 0.714079,0.79766, TRUE,FALSE,white
MIMAT0000703,hsa-miR-361-5p, 0.0803262,7.958e-01, 0.036706,0.98869, TRUE,FALSE,white
MIMAT0000707,hsa-miR-363-3p, 0.1879844,7.958e-01, 0.778196,0.79272, TRUE,FALSE,white
MIMAT0000728,hsa-miR-375, 0.2718462,7.958e-01, 0.952866,0.74472, TRUE,FALSE,white
MIMAT0000759,hsa-miR-148b-3p, 0.0832419,7.958e-01, 0.271306,0.94268, TRUE,FALSE,white
MIMAT0000762,hsa-miR-324-3p, 0.0801923,7.958e-01,-0.026911,0.98869,FALSE,FALSE,white
MIMAT0001639,hsa-miR-409-3p,-0.0643912,7.958e-01,-1.135199,0.70174, TRUE,FALSE,white
MIMAT0002814,hsa-miR-432-5p,-0.0459438,7.958e-01,-1.160142,0.70174, TRUE,FALSE,white
MIMAT0003239,hsa-miR-574-3p,-0.1041408,7.958e-01,-0.047714,0.98804, TRUE,FALSE,white
MIMAT0003322,hsa-miR-652-3p, 0.0946276,7.958e-01, 0.573981,0.83039, TRUE,FALSE,white
MIMAT0003329,hsa-miR-411-5p, 0.0325800,7.958e-01, 0.684508,0.80257, TRUE,FALSE,white
MIMAT0003330,hsa-miR-654-5p,-0.0188476,7.958e-01, 0.163025,0.97014,FALSE,FALSE,white
MIMAT0003945,hsa-miR-765,-0.0670159,7.958e-01, 0.422764,0.90459,FALSE,FALSE,rejected
MIMAT0004689,hsa-miR-377-5p,-0.0285298,7.958e-01,-0.941953,0.74472, TRUE,FALSE,white
MIMAT0004776,hsa-miR-505-5p,-0.0529520,7.958e-01,-0.795088,0.79272, TRUE,FALSE,white
MIMAT0005929,hsa-miR-1275,-0.1432408,7.958e-01,-0.694040,0.79945, TRUE,FALSE,rejected
MIMAT0000255,hsa-miR-34a-5p, 0.0872364,8.013e-01,-2.049071,0.43805,FALSE,FALSE,white
MIMAT0000688,hsa-miR-301a-3p,-0.1384256,8.042e-01,-0.704975,0.79945, TRUE,FALSE,white
MIMAT0000461,hsa-miR-195-5p, 0.1667855,8.204e-01, 0.436515,0.89568, TRUE,FALSE,white
MIMAT0004945,hsa-miR-744-5p, 0.0493186,8.204e-01, 0.453299,0.88379, TRUE,FALSE,white
MIMAT0000733,hsa-miR-379-5p,-0.0785162,8.253e-01,-0.720008,0.79766, TRUE,FALSE,white
MIMAT0000245,hsa-miR-30d-5p, 0.1127701,8.378e-01, 0.162441,0.97014, TRUE,FALSE,white
MIMAT0001638,hsa-miR-409-5p,-0.0329507,8.378e-01,-0.664774,0.80726, TRUE,FALSE,white
MIMAT0003258,hsa-miR-590-5p,-0.1243859,8.378e-01,-0.777707,0.79272, TRUE,FALSE,white
MIMAT0000081,hsa-miR-25-3p, 0.0711823,8.435e-01, 0.134185,0.97014, TRUE,FALSE,white
MIMAT0003338,hsa-miR-660-5p,-0.0942393,8.489e-01,-0.785731,0.79272, TRUE,FALSE,white
MIMAT0000256,hsa-miR-181a-5p, 0.1023930,8.494e-01,-0.102694,0.97607,FALSE,FALSE,white
MIMAT0000414,hsa-let-7g-5p, 0.1337129,8.499e-01, 0.400416,0.90603, TRUE,FALSE,white
MIMAT0004610,hsa-miR-150-3p, 0.0506093,8.499e-01, 0.692343,0.79945, TRUE,FALSE,white
MIMAT0000442,hsa-miR-9-3p, 0.1031095,8.518e-01, 0.771769,0.79338, TRUE,FALSE,white
MIMAT0002176,hsa-miR-485-3p,-0.0167596,8.518e-01,-0.589161,0.82276, TRUE,FALSE,white
MIMAT0005793,hsa-miR-320c, 0.0713996,8.518e-01,-0.113971,0.97552,FALSE,FALSE,rejected
MIMAT0005796,hsa-miR-1271-5p,-0.0360539,8.518e-01,-0.803912,0.79272, TRUE,FALSE,white
MIMAT0000069,hsa-miR-16-5p, 0.1527506,8.551e-01, 0.326334,0.93736, TRUE,FALSE,white
MIMAT0004587,hsa-miR-23b-5p, 0.0283962,8.558e-01, 0.615284,0.81586, TRUE,FALSE,white
MIMAT0000098,hsa-miR-100-5p,-0.1061384,8.630e-01,-0.805986,0.79272, TRUE,FALSE,white
MIMAT0000420,hsa-miR-30b-5p, 0.0811754,8.630e-01, 0.632584,0.80726, TRUE,FALSE,white
MIMAT0000438,hsa-miR-152-3p,-0.0687042,8.630e-01,-0.638706,0.80726, TRUE,FALSE,white
MIMAT0000617,hsa-miR-200c-3p, 0.1036100,8.630e-01, 0.647191,0.80726, TRUE,FALSE,white
MIMAT0000757,hsa-miR-151-3p, 0.0724062,8.630e-01, 0.243798,0.95092, TRUE,FALSE,white
MIMAT0002821,hsa-miR-181d-5p, 0.0586035,8.630e-01, 0.258738,0.94354, TRUE,FALSE,white
MIMAT0003233,hsa-miR-551b-3p, 0.0840348,8.630e-01, 0.221604,0.96648, TRUE,FALSE,white
MIMAT0003326,hsa-miR-663, 0.0911525,8.630e-01, 0.465395,0.87648, TRUE,FALSE,rejected
MIMAT0004762,hsa-miR-486-3p,-0.0247345,8.630e-01,-0.604022,0.81720, TRUE,FALSE,white
MIMAT0003150,hsa-miR-455-5p,-0.0471473,8.640e-01,-0.821100,0.79272, TRUE,FALSE,white
MIMAT0003221,hsa-miR-557, 0.0292970,8.640e-01, 0.966765,0.74472, TRUE,FALSE,purple
MIMAT0000257,hsa-miR-181b-5p,-0.0757130,8.665e-01,-0.849387,0.78247, TRUE,FALSE,white
MIMAT0000727,hsa-miR-374a-5p,-0.0890593,8.665e-01,-0.659878,0.80726, TRUE,FALSE,white
MIMAT0004601,hsa-miR-145-3p,-0.0478676,8.673e-01,-0.593259,0.82276, TRUE,FALSE,white
MIMAT0000263,hsa-miR-199b-5p, 0.1100437,8.693e-01, 0.393360,0.90603, TRUE,FALSE,white
MIMAT0000459,hsa-miR-193a-3p, 0.0534179,8.726e-01,-0.058853,0.98804,FALSE,FALSE,white
MIMAT0004761,hsa-miR-483-5p, 0.0685821,8.726e-01, 0.749669,0.79766, TRUE,FALSE,white
MIMAT0004982,hsa-miR-939-5p,-0.0556517,8.726e-01, 1.117776,0.70174,FALSE,FALSE,rejected
MIMAT0000446,hsa-miR-127-3p,-0.0662140,8.743e-01,-0.698738,0.79945, TRUE,FALSE,white
MIMAT0000460,hsa-miR-194-5p, 0.0420553,8.743e-01, 0.306340,0.94016, TRUE,FALSE,white
MIMAT0000099,hsa-miR-101-3p,-0.0599319,8.794e-01,-0.540565,0.83800, TRUE,FALSE,white
MIMAT0000275,hsa-miR-218-5p,-0.0598393,8.794e-01,-0.532410,0.83800, TRUE,FALSE,white
MIMAT0002874,hsa-miR-503-5p,-0.0454045,8.794e-01,-0.288593,0.94016, TRUE,FALSE,white
MIMAT0003240,hsa-miR-575,-0.0698479,8.794e-01, 0.949987,0.74472,FALSE,FALSE,rejected
MIMAT0004493,hsa-miR-20a-3p, 0.0428464,8.794e-01, 0.364866,0.92005, TRUE,FALSE,white
MIMAT0004683,hsa-miR-362-3p,-0.0438645,8.800e-01,-0.558397,0.83039, TRUE,FALSE,white
MIMAT0000083,hsa-miR-26b-5p, 0.1069621,8.979e-01, 0.485929,0.86991, TRUE,FALSE,white
MIMAT0000227,hsa-miR-197-3p, 0.0473255,8.979e-01,-0.200765,0.96947,FALSE,FALSE,white
MIMAT0004514,hsa-miR-29b-1-5p, 0.0284232,8.979e-01, 0.143239,0.97014, TRUE,FALSE,white
MIMAT0000094,hsa-miR-95-3p,-0.0409421,8.996e-01,-0.510978,0.85107, TRUE,FALSE,white
MIMAT0000222,hsa-miR-192-5p, 0.0561794,8.996e-01, 0.195396,0.96947, TRUE,FALSE,white
MIMAT0000432,hsa-miR-141-3p, 0.0725804,8.996e-01, 0.897540,0.77086, TRUE,FALSE,white
MIMAT0000765,hsa-miR-335-5p, 0.0493441,8.996e-01,-0.077577,0.98266,FALSE,FALSE,white
MIMAT0002817,hsa-miR-495-3p, 0.0190794,8.996e-01, 0.360127,0.92014, TRUE,FALSE,white
MIMAT0003163,hsa-miR-539-5p,-0.0179442,8.996e-01,-0.309866,0.94016, TRUE,FALSE,white
MIMAT0003180,hsa-miR-487b-3p, 0.0280024,8.996e-01, 0.149074,0.97014, TRUE,FALSE,white
MIMAT0004599,hsa-miR-143-5p,-0.0164224,9.001e-01,-0.296072,0.94016, TRUE,FALSE,white
MIMAT0004552,hsa-miR-139-3p,-0.0158825,9.011e-01,-0.094758,0.97607, TRUE,FALSE,white
MIMAT0001341,hsa-miR-424-5p,-0.0693219,9.024e-01,-0.364938,0.92005, TRUE,FALSE,white
MIMAT0001413,hsa-miR-20b-5p,-0.0523479,9.116e-01,-0.276974,0.94194, TRUE,FALSE,white
MIMAT0000097,hsa-miR-99a-5p,-0.0689902,9.125e-01,-0.643381,0.80726, TRUE,FALSE,white
MIMAT0000085,hsa-miR-28-5p, 0.0355914,9.179e-01,-0.154022,0.97014,FALSE,FALSE,white
MIMAT0005949,hsa-miR-664, 0.0117684,9.179e-01, 0.198253,0.96947, TRUE,FALSE,rejected
MIMAT0004954,hsa-miR-543,-0.0079962,9.188e-01,-0.370140,0.92005, TRUE,FALSE,white
MIMAT0002175,hsa-miR-485-5p,-0.0070188,9.325e-01,-0.324877,0.93736, TRUE,FALSE,white
MIMAT0004748,hsa-miR-423-5p, 0.0164582,9.331e-01, 0.151507,0.97014, TRUE,FALSE,white
MIMAT0000093,hsa-miR-93-5p, 0.0213474,9.418e-01,-0.157161,0.97014,FALSE,FALSE,white
MIMAT0003340,hsa-miR-542-5p,-0.0228933,9.418e-01,-0.318787,0.93736, TRUE,FALSE,white
MIMAT0004568,hsa-miR-221-5p,-0.0190574,9.418e-01,-0.276730,0.94194, TRUE,FALSE,white
MIMAT0004589,hsa-miR-30b-3p,-0.0125797,9.418e-01,-0.326752,0.93736, TRUE,FALSE,white
MIMAT0000100,hsa-miR-29b-3p, 0.0326450,9.498e-01, 0.406602,0.90603, TRUE,FALSE,white
MIMAT0004784,hsa-miR-455-3p,-0.0283947,9.498e-01,-0.509789,0.85107, TRUE,FALSE,white
MIMAT0002171,hsa-miR-410-3p,-0.0119383,9.527e-01,-0.146729,0.97014, TRUE,FALSE,white
MIMAT0004606,hsa-miR-136-3p,-0.0107604,9.536e-01,-0.136005,0.97014, TRUE,FALSE,white
MIMAT0002174,hsa-miR-484, 0.0078282,9.546e-01, 0.023531,0.98869, TRUE,FALSE,rejected
MIMAT0000082,hsa-miR-26a-5p,-0.0162282,9.634e-01,-0.265597,0.94354, TRUE,FALSE,white
MIMAT0000086,hsa-miR-29a-3p,-0.0123623,9.675e-01,-1.364392,0.62600, TRUE,FALSE,white
MIMAT0004695,hsa-miR-337-5p,-0.0090501,9.675e-01,-0.095138,0.97607, TRUE,FALSE,white
MIMAT0003885,hsa-miR-454-3p, 0.0141331,9.749e-01,-0.003033,0.99758,FALSE,FALSE,white
MIMAT0000092,hsa-miR-92a-3p,-0.0100677,9.792e-01,-1.073081,0.70174, TRUE,FALSE,white
MIMAT0000685,hsa-miR-34b-5p, 0.0091137,9.792e-01,-0.146791,0.97014,FALSE,FALSE,white
MIMAT0003389,hsa-miR-542-3p,-0.0078490,9.792e-01,-0.059203,0.98804, TRUE,FALSE,white
MIMAT0002890,hsa-miR-299-5p,-0.0060336,9.799e-01,-0.173287,0.97014, TRUE,FALSE,white
MIMAT0000435,hsa-miR-143-3p,-0.0067137,9.863e-01,-0.116199,0.97552, TRUE,FALSE,white
MIMAT0002173,hsa-miR-483-3p,-0.0021893,9.863e-01,-0.217403,0.96648, TRUE,FALSE,white
MIMAT0004774,hsa-miR-501-3p, 0.0016032,9.883e-01, 0.055442,0.98804, TRUE,FALSE,white
MIMAT0000416,hsa-miR-1-3p, 0.0013316,9.962e-01, 0.025096,0.98869, TRUE,FALSE,white
MIMAT0003393,hsa-miR-425-5p, 0.0006621,9.972e-01, 0.081226,0.98266, TRUE,FALSE,white
