MIMAT,name,logFC.merged,adj.P.Val.merged,TestStatistic.meta,adj.P.Val.meta,same_dir,consensus,curated
MIMAT0005938,hsa-miR-1274b,-1.370e+00,1.163e-15,-3.144098,0.049054, TRUE, TRUE,NA
MIMAT0005954,hsa-miR-720,-1.393e+00,1.377e-11,-4.195818,0.002648, TRUE, TRUE,NA
MIMAT0005911,hsa-miR-1260,-1.115e+00,1.022e-09,-4.565711,0.001319, TRUE, TRUE,rejected
MIMAT0005927,hsa-miR-1274a,-9.328e-01,7.158e-07,-3.362532,0.029237, TRUE, TRUE,NA
MIMAT0002820,hsa-miR-497-5p, 8.623e-01,3.414e-05, 3.608575,0.013598, TRUE, TRUE,white
MIMAT0000097,hsa-miR-99a-5p, 1.157e+00,8.725e-04, 3.996007,0.004268, TRUE, TRUE,white
MIMAT0000455,hsa-miR-185-5p,-5.337e-01,8.725e-04,-4.173679,0.002648, TRUE, TRUE,white
MIMAT0000691,hsa-miR-130b-3p,-5.740e-01,6.088e-03,-3.879617,0.005545, TRUE, TRUE,white
MIMAT0000098,hsa-miR-100-5p, 8.394e-01,6.802e-03, 3.284298,0.033866, TRUE, TRUE,white
MIMAT0005893,hsa-miR-1305,-6.067e-01,1.010e-25,-2.049130,0.223314, TRUE,FALSE,purple
MIMAT0005942,hsa-miR-1288-3p,-3.092e-01,3.517e-21,-0.749972,0.695107, TRUE,FALSE,rejected
MIMAT0000265,hsa-miR-204-5p, 4.970e-01,1.026e-04, 2.390120,0.205066, TRUE,FALSE,white
MIMAT0007890,hsa-miR-1914-3p,-3.416e-01,1.596e-04,-1.115264,0.556789, TRUE,FALSE,rejected
MIMAT0000250,hsa-miR-139-5p, 4.325e-01,2.760e-03, 2.180543,0.223314, TRUE,FALSE,white
MIMAT0004795,hsa-miR-574-5p,-7.071e-01,1.350e-02,-2.018203,0.234233, TRUE,FALSE,white
MIMAT0003393,hsa-miR-425-5p,-6.119e-01,1.569e-02,-3.064005,0.057875, TRUE,FALSE,white
MIMAT0000680,hsa-miR-106b-5p,-4.475e-01,1.606e-02,-2.919286,0.084519, TRUE,FALSE,white
MIMAT0002816,hsa-miR-494-3p,-1.239e+00,1.615e-02,-1.390479,0.422929, TRUE,FALSE,white
MIMAT0000063,hsa-let-7b-5p, 5.421e-01,1.954e-02, 1.796209,0.298790, TRUE,FALSE,white
MIMAT0000064,hsa-let-7c-5p, 5.183e-01,2.484e-02, 2.057940,0.223314, TRUE,FALSE,white
MIMAT0000271,hsa-miR-214-3p, 7.277e-01,2.484e-02, 1.998762,0.234233, TRUE,FALSE,white
MIMAT0000423,hsa-miR-125b-5p, 6.842e-01,2.744e-02, 2.742049,0.129344, TRUE,FALSE,white
MIMAT0000275,hsa-miR-218-5p, 5.047e-01,3.003e-02, 1.926584,0.252225, TRUE,FALSE,white
MIMAT0002817,hsa-miR-495-3p, 2.164e-01,3.003e-02, 2.090579,0.223314, TRUE,FALSE,white
MIMAT0004603,hsa-miR-125b-2-3p, 3.301e-01,3.003e-02, 1.835767,0.283772, TRUE,FALSE,white
MIMAT0004606,hsa-miR-136-3p, 2.580e-01,3.140e-02, 1.924818,0.252225, TRUE,FALSE,white
MIMAT0000736,hsa-miR-381-3p, 3.990e-01,3.188e-02, 1.631133,0.349468, TRUE,FALSE,white
MIMAT0004594,hsa-miR-132-5p, 2.376e-01,3.188e-02, 2.293624,0.206743, TRUE,FALSE,white
MIMAT0004601,hsa-miR-145-3p, 3.452e-01,3.188e-02, 1.995736,0.234233, TRUE,FALSE,white
MIMAT0000435,hsa-miR-143-3p, 5.732e-01,3.636e-02, 2.318547,0.206743, TRUE,FALSE,white
MIMAT0000452,hsa-miR-154-5p, 2.676e-01,3.636e-02, 2.001798,0.234233, TRUE,FALSE,white
MIMAT0000437,hsa-miR-145-5p, 6.343e-01,4.183e-02, 2.452749,0.197731, TRUE,FALSE,white
MIMAT0003329,hsa-miR-411-5p, 1.483e-01,4.313e-02, 2.094818,0.223314, TRUE,FALSE,white
MIMAT0004954,hsa-miR-543, 1.085e-01,4.453e-02, 1.850148,0.283772, TRUE,FALSE,white
MIMAT0000231,hsa-miR-199a-5p, 6.102e-01,4.556e-02, 2.204488,0.223314, TRUE,FALSE,white
MIMAT0000263,hsa-miR-199b-5p, 7.498e-01,4.949e-02, 2.374562,0.205066, TRUE,FALSE,white
MIMAT0000461,hsa-miR-195-5p, 7.877e-01,4.949e-02, 2.129617,0.223314, TRUE,FALSE,white
MIMAT0000232,hsa-miR-199a-3p, 9.165e-01,5.002e-02, 2.090662,0.223314, TRUE,FALSE,white
MIMAT0000729,hsa-miR-376a-3p, 4.821e-01,6.090e-02, 1.614648,0.352407, TRUE,FALSE,white
MIMAT0004494,hsa-miR-21-3p,-5.860e-01,6.336e-02,-2.698881,0.131692, TRUE,FALSE,white
MIMAT0000418,hsa-miR-23b-3p, 4.603e-01,6.887e-02, 2.131130,0.223314, TRUE,FALSE,white
MIMAT0000426,hsa-miR-132-3p, 2.596e-01,6.887e-02, 1.820010,0.289218, TRUE,FALSE,white
MIMAT0004689,hsa-miR-377-5p, 1.099e-01,6.897e-02, 1.528926,0.371833, TRUE,FALSE,white
MIMAT0002174,hsa-miR-484,-1.771e-01,6.936e-02,-2.503431,0.189761, TRUE,FALSE,rejected
MIMAT0000269,hsa-miR-212-3p, 1.452e-01,7.000e-02, 1.647053,0.342598, TRUE,FALSE,white
MIMAT0003233,hsa-miR-551b-3p, 4.935e-01,7.296e-02, 2.163970,0.223314, TRUE,FALSE,white
MIMAT0005939,hsa-miR-1281,-1.057e-01,7.378e-02,-2.193307,0.223314, TRUE,FALSE,rejected
MIMAT0002175,hsa-miR-485-5p, 9.385e-02,7.420e-02, 1.655122,0.341361, TRUE,FALSE,white
MIMAT0000093,hsa-miR-93-5p,-3.209e-01,7.722e-02,-2.339782,0.206743, TRUE,FALSE,white
MIMAT0000254,hsa-miR-10b-5p, 7.331e-01,7.722e-02, 2.254965,0.213197, TRUE,FALSE,white
MIMAT0004552,hsa-miR-139-3p, 1.560e-01,7.722e-02, 2.486810,0.189761, TRUE,FALSE,white
MIMAT0005898,hsa-miR-1246,-8.149e-01,7.894e-02,-2.073940,0.223314, TRUE,FALSE,rejected
MIMAT0002872,hsa-miR-501-5p,-1.170e-01,8.605e-02,-1.393241,0.422929, TRUE,FALSE,white
MIMAT0000730,hsa-miR-377-3p, 4.438e-01,9.293e-02, 0.942834,0.619108, TRUE,FALSE,white
MIMAT0000720,hsa-miR-376c-3p, 4.462e-01,9.493e-02, 1.213065,0.505532, TRUE,FALSE,white
MIMAT0000432,hsa-miR-141-3p,-6.473e-01,9.601e-02,-1.907866,0.257729, TRUE,FALSE,white
MIMAT0000425,hsa-miR-130a-3p, 4.576e-01,1.003e-01, 1.534169,0.371833, TRUE,FALSE,white
MIMAT0000074,hsa-miR-19b-3p,-3.645e-01,1.052e-01,-1.395179,0.422929, TRUE,FALSE,white
MIMAT0000688,hsa-miR-301a-3p,-5.330e-01,1.052e-01,-2.559794,0.185031, TRUE,FALSE,white
MIMAT0002171,hsa-miR-410-3p, 2.128e-01,1.052e-01, 1.734624,0.316053, TRUE,FALSE,white
MIMAT0002173,hsa-miR-483-3p, 1.621e-01,1.052e-01, 1.329580,0.443284, TRUE,FALSE,white
MIMAT0004599,hsa-miR-143-5p, 1.460e-01,1.052e-01, 1.620290,0.352407, TRUE,FALSE,white
MIMAT0004695,hsa-miR-337-5p, 2.342e-01,1.052e-01, 1.695168,0.331410, TRUE,FALSE,white
MIMAT0000076,hsa-miR-21-5p,-4.770e-01,1.167e-01,-2.293060,0.206743, TRUE,FALSE,white
MIMAT0000267,hsa-miR-210-3p,-6.195e-01,1.247e-01,-2.127704,0.223314, TRUE,FALSE,white
MIMAT0000733,hsa-miR-379-5p, 3.030e-01,1.250e-01, 1.666797,0.337627, TRUE,FALSE,white
MIMAT0003180,hsa-miR-487b-3p, 2.151e-01,1.287e-01, 1.891518,0.263002, TRUE,FALSE,white
MIMAT0000446,hsa-miR-127-3p, 3.959e-01,1.291e-01, 1.476466,0.394204, TRUE,FALSE,white
MIMAT0000752,hsa-miR-328-3p, 7.503e-02,1.291e-01, 2.053286,0.223314, TRUE,FALSE,white
MIMAT0000755,hsa-miR-323-3p, 6.402e-02,1.407e-01, 1.757970,0.306904, TRUE,FALSE,white
MIMAT0002890,hsa-miR-299-5p, 2.589e-01,1.448e-01, 1.730810,0.316053, TRUE,FALSE,white
MIMAT0005796,hsa-miR-1271-5p, 1.545e-01,1.448e-01, 1.574487,0.370148, TRUE,FALSE,white
MIMAT0004814,hsa-miR-654-3p, 2.390e-01,1.552e-01, 1.334010,0.443284, TRUE,FALSE,white
MIMAT0003340,hsa-miR-542-5p, 2.999e-01,1.637e-01, 1.410375,0.422929, TRUE,FALSE,white
MIMAT0000617,hsa-miR-200c-3p,-4.640e-01,1.775e-01,-2.369789,0.205066, TRUE,FALSE,white
MIMAT0000728,hsa-miR-375,-7.778e-01,1.904e-01,-2.060740,0.223314, TRUE,FALSE,white
MIMAT0000765,hsa-miR-335-5p, 3.551e-01,1.916e-01, 0.760610,0.695107, TRUE,FALSE,white
MIMAT0000415,hsa-let-7i-5p, 2.955e-01,1.928e-01,-0.136900,0.979851,FALSE,FALSE,white
MIMAT0000760,hsa-miR-331-3p,-2.618e-01,1.928e-01,-2.265010,0.213197, TRUE,FALSE,white
MIMAT0000419,hsa-miR-27b-3p, 3.592e-01,1.941e-01, 1.569600,0.370148, TRUE,FALSE,white
MIMAT0000687,hsa-miR-299-3p, 1.214e-01,1.941e-01, 1.142705,0.541030, TRUE,FALSE,white
MIMAT0004697,hsa-miR-151-5p, 3.556e-01,2.152e-01, 1.474422,0.394204, TRUE,FALSE,white
MIMAT0000086,hsa-miR-29a-3p, 2.584e-01,2.194e-01, 0.551034,0.811194, TRUE,FALSE,white
MIMAT0000257,hsa-miR-181b-5p,-3.495e-01,2.194e-01,-1.946648,0.252225, TRUE,FALSE,white
MIMAT0000084,hsa-miR-27a-3p, 2.952e-01,2.267e-01, 0.072647,0.993857, TRUE,FALSE,white
MIMAT0001341,hsa-miR-424-5p, 5.181e-01,2.280e-01, 1.339133,0.443284, TRUE,FALSE,white
MIMAT0001536,hsa-miR-429,-4.769e-01,2.288e-01,-1.783027,0.298790, TRUE,FALSE,white
MIMAT0000253,hsa-miR-10a-5p, 6.123e-01,2.475e-01, 1.836149,0.283772, TRUE,FALSE,white
MIMAT0002809,hsa-miR-146b-5p, 4.106e-01,2.713e-01, 0.790315,0.689552, TRUE,FALSE,white
MIMAT0004597,hsa-miR-140-3p, 2.532e-01,2.724e-01, 1.032110,0.584201, TRUE,FALSE,white
MIMAT0000447,hsa-miR-134-5p, 1.846e-01,2.771e-01, 1.676389,0.335411, TRUE,FALSE,white
MIMAT0003389,hsa-miR-542-3p, 2.503e-01,2.788e-01, 1.257249,0.480834, TRUE,FALSE,white
MIMAT0000243,hsa-miR-148a-3p,-4.320e-01,2.808e-01,-2.520874,0.189761, TRUE,FALSE,white
MIMAT0000442,hsa-miR-9-3p, 3.583e-01,2.982e-01, 0.885906,0.646442, TRUE,FALSE,white
MIMAT0005865,hsa-miR-1202, 5.439e-01,3.287e-01, 1.405470,0.422929, TRUE,FALSE,rejected
MIMAT0001080,hsa-miR-196b-5p, 2.984e-01,3.328e-01, 2.314403,0.206743, TRUE,FALSE,white
MIMAT0003239,hsa-miR-574-3p,-2.337e-01,3.389e-01,-0.862001,0.656064, TRUE,FALSE,white
MIMAT0000686,hsa-miR-34c-5p, 2.384e-01,3.514e-01, 1.680552,0.335411, TRUE,FALSE,white
MIMAT0000759,hsa-miR-148b-3p,-2.032e-01,3.514e-01,-1.331313,0.443284, TRUE,FALSE,white
MIMAT0001638,hsa-miR-409-5p, 9.273e-02,3.514e-01, 1.007404,0.595096, TRUE,FALSE,white
MIMAT0003299,hsa-miR-630,-1.932e-01,3.514e-01, 0.386199,0.892461,FALSE,FALSE,rejected
MIMAT0000078,hsa-miR-23a-3p, 2.576e-01,3.566e-01, 0.684895,0.716660, TRUE,FALSE,white
MIMAT0005593,hsa-miR-1238-3p,-6.683e-02,3.630e-01,-2.729390,0.129344, TRUE,FALSE,rejected
MIMAT0000062,hsa-let-7a-5p, 4.279e-01,3.675e-01, 1.048499,0.577914, TRUE,FALSE,white
MIMAT0000065,hsa-let-7d-5p, 3.345e-01,3.675e-01, 1.197396,0.506243, TRUE,FALSE,white
MIMAT0000261,hsa-miR-183-5p,-4.030e-01,3.675e-01,-0.961402,0.610395, TRUE,FALSE,white
MIMAT0000457,hsa-miR-188-5p,-1.731e-01,3.675e-01,-0.050774,0.993857, TRUE,FALSE,white
MIMAT0003163,hsa-miR-539-5p, 9.398e-02,3.675e-01, 1.190389,0.508047, TRUE,FALSE,white
MIMAT0004571,hsa-miR-200b-5p,-2.299e-01,3.675e-01,-1.788618,0.298790, TRUE,FALSE,white
MIMAT0000318,hsa-miR-200b-3p,-4.450e-01,3.675e-01,-1.968399,0.245111, TRUE,FALSE,white
MIMAT0002805,hsa-miR-489-3p, 1.950e-01,3.764e-01, 1.198958,0.506243, TRUE,FALSE,white
MIMAT0002814,hsa-miR-432-5p, 9.853e-02,3.764e-01, 1.077925,0.565974, TRUE,FALSE,white
MIMAT0003330,hsa-miR-654-5p, 4.185e-02,3.764e-01, 1.115525,0.556789, TRUE,FALSE,white
MIMAT0004595,hsa-miR-135a-3p,-1.456e-01,3.764e-01,-0.793916,0.689552, TRUE,FALSE,white
MIMAT0000737,hsa-miR-382-5p, 1.241e-01,3.773e-01, 0.956943,0.610395, TRUE,FALSE,white
MIMAT0004614,hsa-miR-193a-5p,-2.195e-01,3.773e-01,-1.268474,0.475672, TRUE,FALSE,white
MIMAT0000244,hsa-miR-30c-5p, 2.501e-01,3.794e-01, 0.901483,0.637950, TRUE,FALSE,white
MIMAT0000646,hsa-miR-155-5p,-3.383e-01,3.899e-01,-1.324331,0.443284, TRUE,FALSE,white
MIMAT0003266,hsa-miR-598-3p, 1.435e-01,3.973e-01, 1.480754,0.394204, TRUE,FALSE,rejected
MIMAT0001412,hsa-miR-18b-5p,-1.772e-01,3.989e-01,-1.560140,0.370148, TRUE,FALSE,white
MIMAT0004682,hsa-miR-361-3p,-1.666e-01,3.995e-01,-1.777153,0.298790, TRUE,FALSE,white
MIMAT0004761,hsa-miR-483-5p, 2.598e-01,3.995e-01, 1.707820,0.327218, TRUE,FALSE,white
MIMAT0000416,hsa-miR-1-3p, 1.873e-01,4.086e-01, 0.960389,0.610395, TRUE,FALSE,white
MIMAT0003228,hsa-miR-564,-4.851e-02,4.086e-01, 1.087135,0.565974,FALSE,FALSE,rejected
MIMAT0004911,hsa-miR-874-3p,-1.088e-01,4.086e-01,-1.059682,0.573222, TRUE,FALSE,white
MIMAT0002176,hsa-miR-485-3p, 4.509e-02,4.126e-01, 0.725672,0.706218, TRUE,FALSE,white
MIMAT0000770,hsa-miR-133b, 1.369e-01,4.139e-01, 0.711087,0.706218, TRUE,FALSE,white
MIMAT0000072,hsa-miR-18a-5p,-1.896e-01,4.180e-01,-1.542916,0.371833, TRUE,FALSE,white
MIMAT0000434,hsa-miR-142-3p,-4.231e-01,4.269e-01,-1.520727,0.373704, TRUE,FALSE,white
MIMAT0000445,hsa-miR-126-3p, 3.268e-01,4.269e-01, 1.013615,0.595096, TRUE,FALSE,white
MIMAT0000682,hsa-miR-200a-3p,-3.809e-01,4.269e-01,-1.403358,0.422929, TRUE,FALSE,white
MIMAT0002821,hsa-miR-181d-5p,-1.704e-01,4.450e-01,-1.420879,0.422929, TRUE,FALSE,white
MIMAT0000082,hsa-miR-26a-5p, 2.009e-01,4.733e-01, 0.716549,0.706218, TRUE,FALSE,white
MIMAT0000073,hsa-miR-19a-3p,-2.265e-01,4.835e-01,-1.000150,0.596228, TRUE,FALSE,white
MIMAT0000424,hsa-miR-128-3p,-1.890e-01,4.835e-01,-1.234336,0.495911, TRUE,FALSE,white
MIMAT0004484,hsa-let-7d-3p, 3.189e-02,4.835e-01, 0.855552,0.657881, TRUE,FALSE,white
MIMAT0000067,hsa-let-7f-5p, 3.949e-01,5.106e-01, 0.756769,0.695107, TRUE,FALSE,white
MIMAT0000088,hsa-miR-30a-3p, 3.001e-01,5.106e-01, 1.371147,0.434012, TRUE,FALSE,white
MIMAT0004557,hsa-miR-34a-3p,-7.184e-02,5.636e-01,-1.361996,0.437122, TRUE,FALSE,white
MIMAT0000761,hsa-miR-324-5p, 1.333e-01,5.693e-01, 1.282660,0.472294, TRUE,FALSE,white
MIMAT0000703,hsa-miR-361-5p, 1.240e-01,5.708e-01, 0.481198,0.839445, TRUE,FALSE,white
MIMAT0000099,hsa-miR-101-3p, 1.784e-01,5.921e-01, 0.499662,0.831108, TRUE,FALSE,white
MIMAT0000433,hsa-miR-142-5p,-2.524e-01,5.942e-01,-1.530453,0.371833, TRUE,FALSE,white
MIMAT0000681,hsa-miR-29c-3p,-1.808e-01,5.945e-01, 0.262312,0.945218,FALSE,FALSE,white
MIMAT0000757,hsa-miR-151-3p,-1.611e-01,6.195e-01,-1.217558,0.505532, TRUE,FALSE,white
MIMAT0000104,hsa-miR-107, 1.430e-01,6.428e-01, 0.026835,0.997806, TRUE,FALSE,white
MIMAT0000459,hsa-miR-193a-3p,-1.366e-01,6.428e-01,-0.976215,0.610395, TRUE,FALSE,white
MIMAT0001639,hsa-miR-409-3p, 8.821e-02,6.428e-01, 0.571746,0.795693, TRUE,FALSE,white
MIMAT0005792,hsa-miR-320b, 1.683e-01,6.428e-01, 0.498910,0.831108, TRUE,FALSE,rejected
MIMAT0000431,hsa-miR-140-5p, 1.634e-01,6.523e-01, 0.502734,0.831108, TRUE,FALSE,white
MIMAT0000066,hsa-let-7e-5p, 2.353e-01,6.605e-01, 0.774573,0.695107, TRUE,FALSE,white
MIMAT0000252,hsa-miR-7-5p,-2.641e-01,6.631e-01,-0.749117,0.695107, TRUE,FALSE,white
MIMAT0004694,hsa-miR-342-5p,-1.812e-01,6.631e-01,-0.771348,0.695107, TRUE,FALSE,white
MIMAT0004767,hsa-miR-193b-5p,-6.470e-02,6.649e-01, 0.163538,0.972891,FALSE,FALSE,white
MIMAT0003885,hsa-miR-454-3p,-1.743e-01,6.705e-01,-1.199042,0.506243, TRUE,FALSE,white
MIMAT0004493,hsa-miR-20a-3p, 1.114e-01,6.779e-01, 0.581370,0.790758, TRUE,FALSE,white
MIMAT0004951,hsa-miR-887-3p,-1.011e-01,6.925e-01,-1.097840,0.565974, TRUE,FALSE,white
MIMAT0000279,hsa-miR-222-3p,-2.021e-01,7.022e-01,-0.876142,0.648017, TRUE,FALSE,white
MIMAT0002819,hsa-miR-193b-3p,-1.438e-01,7.143e-01, 0.227840,0.945218,FALSE,FALSE,white
MIMAT0000077,hsa-miR-22-3p,-1.332e-01,7.148e-01,-1.413161,0.422929, TRUE,FALSE,white
MIMAT0000096,hsa-miR-98-5p, 2.126e-01,7.148e-01, 0.899614,0.637950, TRUE,FALSE,white
MIMAT0002177,hsa-miR-486-5p, 1.613e-01,7.148e-01,-0.008872,0.997806,FALSE,FALSE,white
MIMAT0000693,hsa-miR-30e-3p, 1.260e-01,7.183e-01, 0.717962,0.706218, TRUE,FALSE,white
MIMAT0000443,hsa-miR-125a-5p,-1.436e-01,7.224e-01,-0.587746,0.790758, TRUE,FALSE,white
MIMAT0000070,hsa-miR-17-5p,-1.299e-01,7.351e-01,-1.323475,0.443284, TRUE,FALSE,white
MIMAT0000068,hsa-miR-15a-5p, 1.485e-01,7.624e-01,-0.070887,0.993857,FALSE,FALSE,white
MIMAT0000083,hsa-miR-26b-5p, 2.572e-01,7.624e-01, 0.336547,0.916251, TRUE,FALSE,white
MIMAT0000226,hsa-miR-196a-5p, 3.303e-01,7.624e-01, 0.375990,0.896340, TRUE,FALSE,white
MIMAT0000414,hsa-let-7g-5p, 1.924e-01,7.624e-01, 0.353802,0.904360, TRUE,FALSE,white
MIMAT0000705,hsa-miR-362-5p,-9.039e-02,7.624e-01,-0.582468,0.790758, TRUE,FALSE,white
MIMAT0000753,hsa-miR-342-3p,-1.814e-01,7.624e-01,-1.076019,0.565974, TRUE,FALSE,white
MIMAT0002813,hsa-miR-493-5p, 6.288e-02,7.624e-01, 1.273744,0.475485, TRUE,FALSE,white
MIMAT0000095,hsa-miR-96-5p,-2.196e-01,7.639e-01,-0.392498,0.892461, TRUE,FALSE,white
MIMAT0000420,hsa-miR-30b-5p, 1.264e-01,7.702e-01, 0.288682,0.935153, TRUE,FALSE,white
MIMAT0006764,hsa-miR-320d, 1.086e-01,7.749e-01, 0.324706,0.918753, TRUE,FALSE,rejected
MIMAT0000087,hsa-miR-30a-5p, 2.164e-01,7.756e-01, 0.503785,0.831108, TRUE,FALSE,white
MIMAT0000451,hsa-miR-150-5p,-2.375e-01,7.882e-01,-0.795897,0.689552, TRUE,FALSE,white
MIMAT0003237,hsa-miR-572, 9.323e-02,7.882e-01, 1.938299,0.252225, TRUE,FALSE,rejected
MIMAT0003879,hsa-miR-758-3p, 5.343e-02,7.882e-01, 0.329535,0.918524, TRUE,FALSE,white
MIMAT0004784,hsa-miR-455-3p, 1.379e-01,7.882e-01, 0.635084,0.752562, TRUE,FALSE,white
MIMAT0000101,hsa-miR-103a-3p,-8.160e-02,7.981e-01,-2.065299,0.223314, TRUE,FALSE,white
MIMAT0002874,hsa-miR-503-5p, 8.390e-02,7.981e-01, 0.742254,0.697427, TRUE,FALSE,white
MIMAT0004587,hsa-miR-23b-5p, 3.755e-02,7.981e-01, 0.910492,0.637950, TRUE,FALSE,white
MIMAT0005929,hsa-miR-1275,-1.266e-01,7.990e-01,-0.363219,0.899796, TRUE,FALSE,rejected
MIMAT0000094,hsa-miR-95-3p,-9.320e-02,8.036e-01,-1.058438,0.573222, TRUE,FALSE,white
MIMAT0005949,hsa-miR-664,-3.269e-02,8.105e-01,-0.904777,0.637950, TRUE,FALSE,rejected
MIMAT0000092,hsa-miR-92a-3p, 1.007e-01,8.206e-01, 0.017685,0.997806, TRUE,FALSE,white
MIMAT0000460,hsa-miR-194-5p,-6.523e-02,8.206e-01,-0.751802,0.695107, TRUE,FALSE,white
MIMAT0004673,hsa-miR-29c-5p, 9.078e-02,8.220e-01, 1.551335,0.371833, TRUE,FALSE,white
MIMAT0000278,hsa-miR-221-3p,-9.604e-02,8.286e-01,-1.093813,0.565974, TRUE,FALSE,white
MIMAT0000436,hsa-miR-144-3p,-1.412e-01,8.383e-01,-0.829093,0.674180, TRUE,FALSE,white
MIMAT0000707,hsa-miR-363-3p, 1.433e-01,8.566e-01, 0.818615,0.679793, TRUE,FALSE,white
MIMAT0004748,hsa-miR-423-5p,-4.347e-02,8.772e-01,-0.228605,0.945218, TRUE,FALSE,white
MIMAT0005948,hsa-miR-664*, 5.559e-02,8.772e-01, 1.599856,0.358668, TRUE,FALSE,rejected
MIMAT0001631,hsa-miR-451, 2.083e-01,8.798e-01, 0.045901,0.993857, TRUE,FALSE,yellow
MIMAT0002876,hsa-miR-505-3p,-4.356e-02,8.798e-01,-1.081279,0.565974, TRUE,FALSE,white
MIMAT0000075,hsa-miR-20a-5p,-1.168e-01,8.830e-01,-1.006053,0.595096, TRUE,FALSE,white
MIMAT0000281,hsa-miR-224-5p, 1.202e-01,8.830e-01, 0.688917,0.716660, TRUE,FALSE,white
MIMAT0000266,hsa-miR-205-5p, 1.835e-01,8.842e-01, 0.087536,0.993857, TRUE,FALSE,white
MIMAT0003240,hsa-miR-575,-9.296e-02,8.842e-01, 1.037517,0.583575,FALSE,FALSE,rejected
MIMAT0004774,hsa-miR-501-3p, 2.967e-02,8.842e-01, 0.533509,0.823694, TRUE,FALSE,white
MIMAT0005901,hsa-miR-1249-3p, 5.271e-02,8.842e-01,-1.470899,0.394204,FALSE,FALSE,white
MIMAT0000069,hsa-miR-16-5p,-1.332e-01,8.858e-01,-0.472263,0.843679, TRUE,FALSE,white
MIMAT0000417,hsa-miR-15b-5p, 5.490e-02,8.858e-01,-0.970793,0.610395,FALSE,FALSE,white
MIMAT0000710,hsa-miR-365a-3p,-7.666e-02,8.858e-01,-0.050846,0.993857, TRUE,FALSE,white
MIMAT0003150,hsa-miR-455-5p, 4.611e-02,8.858e-01,-0.062354,0.993857,FALSE,FALSE,white
MIMAT0003221,hsa-miR-557, 2.953e-02,8.858e-01, 1.161702,0.528613, TRUE,FALSE,purple
MIMAT0004514,hsa-miR-29b-1-5p, 4.090e-02,8.858e-01, 0.237255,0.945218, TRUE,FALSE,white
MIMAT0004602,hsa-miR-125a-3p,-5.857e-02,8.858e-01, 0.512850,0.831108,FALSE,FALSE,white
MIMAT0004945,hsa-miR-744-5p,-3.528e-02,8.858e-01,-0.201585,0.958386, TRUE,FALSE,white
MIMAT0004955,hsa-miR-374b-5p,-5.629e-02,8.858e-01,-0.964092,0.610395, TRUE,FALSE,white
MIMAT0000100,hsa-miR-29b-3p,-8.605e-02,8.964e-01,-0.239542,0.945218, TRUE,FALSE,white
MIMAT0000222,hsa-miR-192-5p,-7.638e-02,8.964e-01,-0.662083,0.731512, TRUE,FALSE,white
MIMAT0001618,hsa-miR-191-3p, 1.542e-02,8.964e-01,-0.682534,0.716660,FALSE,FALSE,white
MIMAT0003326,hsa-miR-663,-7.330e-02,8.964e-01,-0.241836,0.945218, TRUE,FALSE,rejected
MIMAT0004600,hsa-miR-144-5p,-5.162e-02,8.964e-01,-0.905021,0.637950, TRUE,FALSE,white
MIMAT0000685,hsa-miR-34b-5p, 5.281e-02,9.021e-01,-0.018799,0.997806,FALSE,FALSE,white
MIMAT0000085,hsa-miR-28-5p, 5.552e-02,9.040e-01,-0.176127,0.970006,FALSE,FALSE,white
MIMAT0003258,hsa-miR-590-5p,-7.680e-02,9.040e-01,-0.694831,0.716660, TRUE,FALSE,white
MIMAT0003322,hsa-miR-652-3p, 4.500e-02,9.040e-01, 0.848497,0.660269, TRUE,FALSE,white
MIMAT0004558,hsa-miR-181a-2-3p,-2.656e-02,9.040e-01,-0.408742,0.886879, TRUE,FALSE,white
MIMAT0003338,hsa-miR-660-5p, 5.712e-02,9.144e-01,-0.021920,0.997806,FALSE,FALSE,white
MIMAT0004589,hsa-miR-30b-3p,-2.373e-02,9.183e-01,-0.235787,0.945218, TRUE,FALSE,white
MIMAT0003886,hsa-miR-769-5p,-3.158e-02,9.191e-01, 0.014939,0.997806,FALSE,FALSE,white
MIMAT0000510,hsa-miR-320a, 4.158e-02,9.387e-01, 0.250242,0.945218, TRUE,FALSE,rejected
MIMAT0000080,hsa-miR-24-3p, 2.971e-02,9.420e-01,-2.401325,0.205066,FALSE,FALSE,white
MIMAT0000763,hsa-miR-338-3p,-6.804e-02,9.510e-01,-0.387576,0.892461, TRUE,FALSE,white
MIMAT0003888,hsa-miR-766-3p,-1.347e-02,9.510e-01,-0.384648,0.892461, TRUE,FALSE,purple
MIMAT0005793,hsa-miR-320c, 3.475e-02,9.510e-01, 0.144707,0.979851, TRUE,FALSE,rejected
MIMAT0000689,hsa-miR-99b-5p,-3.864e-02,9.613e-01, 0.122059,0.988660,FALSE,FALSE,white
MIMAT0004776,hsa-miR-505-5p, 1.759e-02,9.613e-01, 0.170664,0.970717, TRUE,FALSE,white
MIMAT0000255,hsa-miR-34a-5p, 2.779e-02,9.658e-01,-2.081645,0.223314,FALSE,FALSE,white
MIMAT0000258,hsa-miR-181c-5p,-3.096e-02,9.658e-01,-0.307870,0.925889, TRUE,FALSE,white
MIMAT0000727,hsa-miR-374a-5p, 4.261e-02,9.658e-01,-0.445396,0.860638,FALSE,FALSE,white
MIMAT0003308,hsa-miR-638, 4.444e-02,9.658e-01, 2.085426,0.223314, TRUE,FALSE,rejected
MIMAT0000456,hsa-miR-186-5p, 2.093e-02,9.681e-01,-0.523345,0.829138,FALSE,FALSE,white
MIMAT0000089,hsa-miR-31-5p, 2.896e-02,9.750e-01,-0.875184,0.648017,FALSE,FALSE,white
MIMAT0000081,hsa-miR-25-3p,-1.927e-02,9.758e-01,-0.180851,0.969950, TRUE,FALSE,white
MIMAT0000732,hsa-miR-378a-3p,-1.401e-02,9.758e-01,-0.097260,0.993857, TRUE,FALSE,white
MIMAT0001627,hsa-miR-433-3p, 3.033e-03,9.758e-01,-0.137519,0.979851,FALSE,FALSE,white
MIMAT0003945,hsa-miR-765,-1.599e-02,9.758e-01, 0.758987,0.695107,FALSE,FALSE,rejected
MIMAT0004568,hsa-miR-221-5p, 1.698e-02,9.758e-01,-0.061409,0.993857,FALSE,FALSE,white
MIMAT0000756,hsa-miR-326,-9.905e-03,9.765e-01,-0.099347,0.993857, TRUE,FALSE,white
MIMAT0004504,hsa-miR-31-3p, 2.327e-02,9.765e-01,-0.481508,0.839445,FALSE,FALSE,white
MIMAT0004780,hsa-miR-532-3p, 1.006e-02,9.765e-01, 0.097480,0.993857, TRUE,FALSE,white
MIMAT0000449,hsa-miR-146a-5p,-2.531e-02,9.783e-01,-0.809410,0.684223, TRUE,FALSE,white
MIMAT0004550,hsa-miR-30c-2-3p,-1.686e-02,9.783e-01, 0.300796,0.928193,FALSE,FALSE,white
MIMAT0004605,hsa-miR-129-3p,-6.345e-03,9.783e-01,-0.714166,0.706218, TRUE,FALSE,white
MIMAT0000762,hsa-miR-324-3p, 1.235e-02,9.795e-01, 0.002720,0.997830, TRUE,FALSE,white
MIMAT0002888,hsa-miR-532-5p,-1.165e-02,9.795e-01,-0.069116,0.993857, TRUE,FALSE,white
MIMAT0004610,hsa-miR-150-3p, 1.045e-02,9.795e-01, 0.277231,0.937491, TRUE,FALSE,white
MIMAT0004683,hsa-miR-362-3p, 1.208e-02,9.795e-01,-0.318673,0.920108,FALSE,FALSE,white
MIMAT0001413,hsa-miR-20b-5p,-1.905e-02,9.802e-01,-0.227059,0.945218, TRUE,FALSE,white
MIMAT0004775,hsa-miR-502-3p,-5.917e-03,9.887e-01,-0.045319,0.993857, TRUE,FALSE,white
MIMAT0000227,hsa-miR-197-3p, 8.717e-03,9.897e-01,-0.199464,0.958386,FALSE,FALSE,white
MIMAT0000280,hsa-miR-223-3p,-1.716e-02,9.897e-01,-0.365185,0.899796, TRUE,FALSE,white
MIMAT0000450,hsa-miR-149-5p, 1.174e-02,9.897e-01,-0.077172,0.993857,FALSE,FALSE,white
MIMAT0000245,hsa-miR-30d-5p,-6.681e-03,9.936e-01,-0.276933,0.937491, TRUE,FALSE,white
MIMAT0004674,hsa-miR-30c-1-3p, 1.288e-03,9.936e-01,-0.198496,0.958386,FALSE,FALSE,white
MIMAT0004762,hsa-miR-486-3p, 1.643e-03,9.936e-01, 0.007469,0.997806, TRUE,FALSE,white
MIMAT0004982,hsa-miR-939-5p, 4.586e-03,9.936e-01, 1.563629,0.370148, TRUE,FALSE,rejected
MIMAT0000256,hsa-miR-181a-5p,-7.223e-04,9.999e-01,-0.454958,0.855831, TRUE,FALSE,white
MIMAT0000438,hsa-miR-152-3p, 7.292e-04,9.999e-01,-0.156232,0.975211,FALSE,FALSE,white
MIMAT0000692,hsa-miR-30e-5p, 1.154e-05,9.999e-01,-0.428383,0.872505,FALSE,FALSE,white
MIMAT0003294,hsa-miR-625-5p, 4.142e-04,9.999e-01,-0.063638,0.993857,FALSE,FALSE,white
