MIMAT,name,logFC.merged,adj.P.Val.merged,TestStatistic.meta,adj.P.Val.meta,same_dir,consensus,curated
MIMAT0004673,hsa-miR-29c-5p, 6.462e-01,1.138e-03, 3.999918,0.005975, TRUE, TRUE,white
MIMAT0000088,hsa-miR-30a-3p, 9.103e-01,7.117e-03, 3.629876,0.011888, TRUE, TRUE,white
MIMAT0000455,hsa-miR-185-5p,-3.519e-01,4.078e-02,-3.799948,0.007670, TRUE, TRUE,white
MIMAT0000732,hsa-miR-378a-3p,-2.533e-01,4.331e-02,-3.984418,0.005975, TRUE, TRUE,white
MIMAT0000691,hsa-miR-130b-3p,-4.215e-01,4.499e-02,-3.603443,0.011888, TRUE, TRUE,white
MIMAT0000705,hsa-miR-362-5p,-3.504e-01,4.499e-02,-3.863165,0.007415, TRUE, TRUE,white
MIMAT0005893,hsa-miR-1305,-5.769e-01,4.389e-26,-1.258787,0.463433, TRUE,FALSE,purple
MIMAT0005942,hsa-miR-1288-3p,-3.075e-01,1.821e-23,-0.459759,0.826997, TRUE,FALSE,rejected
MIMAT0005938,hsa-miR-1274b,-1.001e+00,2.619e-09,-0.727061,0.741033, TRUE,FALSE,NA
MIMAT0005954,hsa-miR-720,-1.023e+00,6.426e-07,-2.149692,0.182412, TRUE,FALSE,NA
MIMAT0007890,hsa-miR-1914-3p,-3.482e-01,4.907e-05,-1.116797,0.542492, TRUE,FALSE,rejected
MIMAT0005911,hsa-miR-1260,-7.422e-01,8.939e-05,-2.158158,0.182412, TRUE,FALSE,rejected
MIMAT0000063,hsa-let-7b-5p, 6.870e-01,6.772e-04, 2.470500,0.126811, TRUE,FALSE,white
MIMAT0005927,hsa-miR-1274a,-6.626e-01,6.772e-04,-1.871639,0.242283, TRUE,FALSE,NA
MIMAT0002816,hsa-miR-494-3p,-1.480e+00,1.102e-03,-2.123297,0.182412, TRUE,FALSE,white
MIMAT0000074,hsa-miR-19b-3p,-5.617e-01,5.613e-03,-2.550241,0.114107, TRUE,FALSE,white
MIMAT0002872,hsa-miR-501-5p,-1.691e-01,5.971e-03,-2.782198,0.081933, TRUE,FALSE,white
MIMAT0000104,hsa-miR-107, 5.079e-01,1.161e-02, 2.125764,0.182412, TRUE,FALSE,white
MIMAT0005898,hsa-miR-1246,-1.083e+00,1.176e-02,-3.067247,0.052046, TRUE,FALSE,rejected
MIMAT0000253,hsa-miR-10a-5p, 1.095e+00,1.666e-02, 2.865415,0.068977, TRUE,FALSE,white
MIMAT0004795,hsa-miR-574-5p,-6.308e-01,2.294e-02,-1.919511,0.223728, TRUE,FALSE,white
MIMAT0000451,hsa-miR-150-5p,-1.127e+00,2.672e-02,-3.035973,0.052947, TRUE,FALSE,white
MIMAT0004694,hsa-miR-342-5p, 6.029e-01,2.978e-02, 2.872311,0.068977, TRUE,FALSE,white
MIMAT0000064,hsa-let-7c-5p, 4.778e-01,3.326e-02, 1.599574,0.352740, TRUE,FALSE,white
MIMAT0000062,hsa-let-7a-5p, 8.369e-01,3.416e-02, 2.517858,0.120341, TRUE,FALSE,white
MIMAT0000066,hsa-let-7e-5p, 7.488e-01,3.416e-02, 2.555468,0.114107, TRUE,FALSE,white
MIMAT0000084,hsa-miR-27a-3p, 4.637e-01,3.416e-02, 0.797806,0.717328, TRUE,FALSE,white
MIMAT0000232,hsa-miR-199a-3p, 9.320e-01,4.078e-02, 2.068638,0.196610, TRUE,FALSE,white
MIMAT0000244,hsa-miR-30c-5p, 4.929e-01,4.088e-02, 2.479596,0.126811, TRUE,FALSE,white
MIMAT0003299,hsa-miR-630,-3.404e-01,4.499e-02,-0.845275,0.695393, TRUE,FALSE,rejected
MIMAT0000271,hsa-miR-214-3p, 6.070e-01,5.174e-02, 1.466544,0.393360, TRUE,FALSE,white
MIMAT0000417,hsa-miR-15b-5p, 3.726e-01,5.174e-02, 0.856237,0.695393, TRUE,FALSE,white
MIMAT0000065,hsa-let-7d-5p, 5.795e-01,6.031e-02, 2.337325,0.157813, TRUE,FALSE,white
MIMAT0000067,hsa-let-7f-5p, 8.871e-01,6.031e-02, 2.554223,0.114107, TRUE,FALSE,white
MIMAT0000095,hsa-miR-96-5p, 8.142e-01,6.031e-02, 3.084632,0.052046, TRUE,FALSE,white
MIMAT0002876,hsa-miR-505-3p,-2.386e-01,6.031e-02,-4.121231,0.005975, TRUE,FALSE,white
MIMAT0000101,hsa-miR-103a-3p, 3.392e-01,6.271e-02, 0.829343,0.700203, TRUE,FALSE,white
MIMAT0000068,hsa-miR-15a-5p, 5.013e-01,8.100e-02, 1.343064,0.443940, TRUE,FALSE,white
MIMAT0003228,hsa-miR-564,-8.869e-02,8.100e-02, 0.478403,0.826997,FALSE,FALSE,rejected
MIMAT0005939,hsa-miR-1281,-1.002e-01,8.408e-02,-1.961337,0.214202, TRUE,FALSE,rejected
MIMAT0000433,hsa-miR-142-5p,-5.897e-01,9.090e-02,-3.294808,0.029000, TRUE,FALSE,white
MIMAT0000680,hsa-miR-106b-5p,-3.114e-01,9.638e-02,-2.921015,0.066041, TRUE,FALSE,white
MIMAT0002805,hsa-miR-489-3p, 3.170e-01,9.638e-02, 2.022277,0.204181, TRUE,FALSE,white
MIMAT0004550,hsa-miR-30c-2-3p, 3.413e-01,9.736e-02, 2.088199,0.191111, TRUE,FALSE,white
MIMAT0004597,hsa-miR-140-3p,-3.371e-01,1.045e-01,-3.556174,0.012465, TRUE,FALSE,white
MIMAT0000418,hsa-miR-23b-3p, 3.993e-01,1.113e-01, 1.596036,0.352740, TRUE,FALSE,white
MIMAT0000096,hsa-miR-98-5p, 5.921e-01,1.165e-01, 2.310811,0.157813, TRUE,FALSE,white
MIMAT0000261,hsa-miR-183-5p, 6.114e-01,1.165e-01, 2.293915,0.160438, TRUE,FALSE,white
MIMAT0000279,hsa-miR-222-3p,-5.412e-01,1.165e-01,-2.460420,0.126811, TRUE,FALSE,white
MIMAT0000753,hsa-miR-342-3p, 5.643e-01,1.165e-01, 1.952124,0.214202, TRUE,FALSE,white
MIMAT0002813,hsa-miR-493-5p, 1.988e-01,1.165e-01, 2.137229,0.182412, TRUE,FALSE,white
MIMAT0000450,hsa-miR-149-5p, 4.972e-01,1.219e-01, 2.204020,0.181924, TRUE,FALSE,white
MIMAT0000078,hsa-miR-23a-3p, 3.624e-01,1.294e-01, 0.916878,0.658117, TRUE,FALSE,white
MIMAT0000087,hsa-miR-30a-5p, 6.960e-01,1.294e-01, 2.022937,0.204181, TRUE,FALSE,white
MIMAT0000231,hsa-miR-199a-5p, 4.639e-01,1.294e-01, 1.322021,0.447783, TRUE,FALSE,white
MIMAT0000693,hsa-miR-30e-3p, 3.407e-01,1.294e-01, 1.806018,0.268466, TRUE,FALSE,white
MIMAT0000761,hsa-miR-324-5p, 2.678e-01,1.294e-01, 1.506875,0.375681, TRUE,FALSE,white
MIMAT0000419,hsa-miR-27b-3p, 3.941e-01,1.302e-01, 1.362046,0.437082, TRUE,FALSE,white
MIMAT0004595,hsa-miR-135a-3p,-2.144e-01,1.314e-01,-1.956542,0.214202, TRUE,FALSE,white
MIMAT0004697,hsa-miR-151-5p, 3.976e-01,1.318e-01, 1.435197,0.408941, TRUE,FALSE,white
MIMAT0000263,hsa-miR-199b-5p, 5.504e-01,1.514e-01, 1.671344,0.321580, TRUE,FALSE,white
MIMAT0000457,hsa-miR-188-5p,-2.386e-01,1.514e-01,-0.607923,0.778634, TRUE,FALSE,white
MIMAT0004494,hsa-miR-21-3p,-4.481e-01,1.514e-01,-2.656195,0.099726, TRUE,FALSE,white
MIMAT0000682,hsa-miR-200a-3p, 5.844e-01,1.725e-01, 2.138111,0.182412, TRUE,FALSE,white
MIMAT0002177,hsa-miR-486-5p,-3.955e-01,1.738e-01,-2.940137,0.066041, TRUE,FALSE,white
MIMAT0000434,hsa-miR-142-3p,-6.306e-01,1.920e-01,-2.402542,0.143821, TRUE,FALSE,white
MIMAT0002819,hsa-miR-193b-3p, 3.386e-01,1.920e-01, 1.835197,0.255308, TRUE,FALSE,white
MIMAT0000254,hsa-miR-10b-5p, 5.547e-01,1.951e-01, 1.913211,0.223728, TRUE,FALSE,white
MIMAT0000436,hsa-miR-144-3p,-5.041e-01,1.951e-01,-2.008890,0.207113, TRUE,FALSE,white
MIMAT0002888,hsa-miR-532-5p,-2.336e-01,2.094e-01,-2.579070,0.114107, TRUE,FALSE,white
MIMAT0004594,hsa-miR-132-5p, 1.462e-01,2.106e-01, 2.280873,0.161261, TRUE,FALSE,white
MIMAT0004775,hsa-miR-502-3p,-1.615e-01,2.121e-01,-2.658386,0.099726, TRUE,FALSE,white
MIMAT0000073,hsa-miR-19a-3p,-3.348e-01,2.489e-01,-1.531058,0.362230, TRUE,FALSE,white
MIMAT0000681,hsa-miR-29c-3p, 3.126e-01,2.489e-01, 2.772352,0.081933, TRUE,FALSE,white
MIMAT0005929,hsa-miR-1275,-3.688e-01,2.489e-01,-1.622772,0.351001, TRUE,FALSE,rejected
MIMAT0003266,hsa-miR-598-3p, 1.768e-01,2.759e-01, 1.532966,0.362230, TRUE,FALSE,rejected
MIMAT0000461,hsa-miR-195-5p, 4.763e-01,2.835e-01, 1.588240,0.354065, TRUE,FALSE,white
MIMAT0001627,hsa-miR-433-3p,-3.623e-02,2.835e-01,-2.381681,0.147321, TRUE,FALSE,white
MIMAT0004780,hsa-miR-532-3p,-1.343e-01,2.840e-01,-2.271377,0.161261, TRUE,FALSE,white
MIMAT0002820,hsa-miR-497-5p, 2.829e-01,2.870e-01, 0.626998,0.774284, TRUE,FALSE,white
MIMAT0000449,hsa-miR-146a-5p,-3.796e-01,2.915e-01,-2.182931,0.181924, TRUE,FALSE,white
MIMAT0004484,hsa-let-7d-3p, 4.374e-02,2.958e-01, 1.752786,0.289100, TRUE,FALSE,white
MIMAT0001412,hsa-miR-18b-5p,-2.094e-01,3.001e-01,-2.039743,0.203049, TRUE,FALSE,white
MIMAT0000072,hsa-miR-18a-5p,-2.329e-01,3.009e-01,-2.176476,0.181924, TRUE,FALSE,white
MIMAT0000258,hsa-miR-181c-5p, 2.695e-01,3.009e-01, 1.333960,0.447106, TRUE,FALSE,white
MIMAT0000760,hsa-miR-331-3p, 2.153e-01,3.009e-01, 0.499294,0.826855, TRUE,FALSE,white
MIMAT0004571,hsa-miR-200b-5p, 2.436e-01,3.175e-01, 1.297903,0.447783, TRUE,FALSE,white
MIMAT0000280,hsa-miR-223-3p,-4.396e-01,3.220e-01,-2.323451,0.157813, TRUE,FALSE,white
MIMAT0000686,hsa-miR-34c-5p, 2.416e-01,3.220e-01, 1.472678,0.393360, TRUE,FALSE,white
MIMAT0003888,hsa-miR-766-3p,-8.844e-02,3.220e-01,-1.299477,0.447783, TRUE,FALSE,purple
MIMAT0003180,hsa-miR-487b-3p, 1.505e-01,3.293e-01, 1.063600,0.581604, TRUE,FALSE,white
MIMAT0003294,hsa-miR-625-5p, 2.957e-01,3.295e-01, 1.420137,0.416419, TRUE,FALSE,white
MIMAT0003329,hsa-miR-411-5p, 7.932e-02,3.295e-01, 1.347306,0.443940, TRUE,FALSE,white
MIMAT0004911,hsa-miR-874-3p,-1.231e-01,3.295e-01,-1.369685,0.437082, TRUE,FALSE,white
MIMAT0001536,hsa-miR-429, 3.922e-01,3.377e-01, 1.552644,0.362230, TRUE,FALSE,white
MIMAT0000089,hsa-miR-31-5p,-2.593e-01,3.494e-01,-2.230660,0.174653, TRUE,FALSE,white
MIMAT0000318,hsa-miR-200b-3p, 4.444e-01,3.558e-01, 1.444986,0.405591, TRUE,FALSE,white
MIMAT0000456,hsa-miR-186-5p,-1.705e-01,3.563e-01,-1.921608,0.223728, TRUE,FALSE,white
MIMAT0000710,hsa-miR-365a-3p, 2.870e-01,3.563e-01, 0.970407,0.632651, TRUE,FALSE,white
MIMAT0001080,hsa-miR-196b-5p, 2.731e-01,3.563e-01, 1.580093,0.355128, TRUE,FALSE,white
MIMAT0000226,hsa-miR-196a-5p, 6.684e-01,3.643e-01, 1.532692,0.362230, TRUE,FALSE,white
MIMAT0000083,hsa-miR-26b-5p, 5.129e-01,3.723e-01, 1.535663,0.362230, TRUE,FALSE,white
MIMAT0005948,hsa-miR-664*, 1.627e-01,3.852e-01, 1.599620,0.352740, TRUE,FALSE,rejected
MIMAT0000646,hsa-miR-155-5p,-3.351e-01,3.911e-01,-1.604106,0.352740, TRUE,FALSE,white
MIMAT0000414,hsa-let-7g-5p, 3.717e-01,3.950e-01, 1.155857,0.516937, TRUE,FALSE,white
MIMAT0000755,hsa-miR-323-3p, 4.018e-02,4.046e-01, 1.269186,0.462622, TRUE,FALSE,white
MIMAT0000763,hsa-miR-338-3p, 3.920e-01,4.046e-01, 1.045109,0.589720, TRUE,FALSE,white
MIMAT0003233,hsa-miR-551b-3p, 2.601e-01,4.046e-01, 0.994496,0.618943, TRUE,FALSE,white
MIMAT0003886,hsa-miR-769-5p, 1.464e-01,4.046e-01, 1.326968,0.447783, TRUE,FALSE,white
MIMAT0000092,hsa-miR-92a-3p,-2.293e-01,4.206e-01,-2.313805,0.157813, TRUE,FALSE,white
MIMAT0000093,hsa-miR-93-5p,-1.669e-01,4.206e-01,-2.048534,0.202538, TRUE,FALSE,white
MIMAT0000688,hsa-miR-301a-3p,-2.979e-01,4.206e-01,-1.753404,0.289100, TRUE,FALSE,white
MIMAT0000752,hsa-miR-328-3p, 4.481e-02,4.206e-01, 1.232247,0.481101, TRUE,FALSE,white
MIMAT0003308,hsa-miR-638,-3.076e-01,4.206e-01, 1.027654,0.598637,FALSE,FALSE,rejected
MIMAT0004682,hsa-miR-361-3p,-1.549e-01,4.380e-01,-1.699081,0.315385, TRUE,FALSE,white
MIMAT0000435,hsa-miR-143-3p, 2.468e-01,4.380e-01, 1.128888,0.536098, TRUE,FALSE,white
MIMAT0000443,hsa-miR-125a-5p, 2.314e-01,4.406e-01, 1.375801,0.437082, TRUE,FALSE,white
MIMAT0002817,hsa-miR-495-3p, 8.802e-02,4.425e-01, 1.220279,0.486985, TRUE,FALSE,white
MIMAT0000070,hsa-miR-17-5p,-2.064e-01,4.679e-01,-1.686809,0.315385, TRUE,FALSE,white
MIMAT0004605,hsa-miR-129-3p,-7.056e-02,4.679e-01,-1.304307,0.447783, TRUE,FALSE,white
MIMAT0000415,hsa-let-7i-5p, 1.812e-01,4.753e-01,-1.205599,0.495185,FALSE,FALSE,white
MIMAT0002890,hsa-miR-299-5p, 1.446e-01,4.821e-01, 0.731044,0.741033, TRUE,FALSE,white
MIMAT0004600,hsa-miR-144-5p,-1.682e-01,4.821e-01,-1.575032,0.355128, TRUE,FALSE,white
MIMAT0004614,hsa-miR-193a-5p,-1.811e-01,4.821e-01,-2.096549,0.190978, TRUE,FALSE,white
MIMAT0000097,hsa-miR-99a-5p, 3.076e-01,4.999e-01, 0.542910,0.802092, TRUE,FALSE,white
MIMAT0000269,hsa-miR-212-3p, 6.281e-02,4.999e-01, 1.405824,0.423408, TRUE,FALSE,white
MIMAT0000281,hsa-miR-224-5p,-2.978e-01,4.999e-01,-1.996404,0.209669, TRUE,FALSE,white
MIMAT0000692,hsa-miR-30e-5p,-1.694e-01,4.999e-01,-1.386099,0.434802, TRUE,FALSE,white
MIMAT0000707,hsa-miR-363-3p, 3.173e-01,4.999e-01, 1.268003,0.462622, TRUE,FALSE,white
MIMAT0004602,hsa-miR-125a-3p,-1.699e-01,4.999e-01,-0.018431,0.992788, TRUE,FALSE,white
MIMAT0004603,hsa-miR-125b-2-3p,-1.216e-01,4.999e-01,-1.960816,0.214202, TRUE,FALSE,white
MIMAT0004695,hsa-miR-337-5p, 1.137e-01,4.999e-01, 0.870662,0.692135, TRUE,FALSE,white
MIMAT0000250,hsa-miR-139-5p,-1.215e-01,5.028e-01,-2.188542,0.181924, TRUE,FALSE,white
MIMAT0000278,hsa-miR-221-3p,-1.930e-01,5.038e-01,-1.986474,0.211015, TRUE,FALSE,white
MIMAT0004587,hsa-miR-23b-5p, 6.753e-02,5.038e-01, 1.085933,0.565691, TRUE,FALSE,white
MIMAT0000100,hsa-miR-29b-3p, 2.647e-01,5.107e-01, 1.264648,0.462622, TRUE,FALSE,white
MIMAT0000255,hsa-miR-34a-5p, 1.566e-01,5.225e-01,-1.845378,0.253241,FALSE,FALSE,white
MIMAT0004606,hsa-miR-136-3p, 9.026e-02,5.225e-01, 0.935414,0.652376, TRUE,FALSE,white
MIMAT0000416,hsa-miR-1-3p, 1.423e-01,5.589e-01, 0.798724,0.717328, TRUE,FALSE,white
MIMAT0002171,hsa-miR-410-3p, 9.109e-02,5.843e-01, 0.711860,0.742860, TRUE,FALSE,white
MIMAT0000759,hsa-miR-148b-3p, 1.278e-01,5.909e-01, 0.298738,0.878578, TRUE,FALSE,white
MIMAT0004514,hsa-miR-29b-1-5p, 9.421e-02,5.909e-01, 0.768077,0.731325, TRUE,FALSE,white
MIMAT0000426,hsa-miR-132-3p, 9.468e-02,6.013e-01, 0.660870,0.765934, TRUE,FALSE,white
MIMAT0005593,hsa-miR-1238-3p,-4.168e-02,6.089e-01,-2.694249,0.098395, TRUE,FALSE,rejected
MIMAT0003240,hsa-miR-575,-2.019e-01,6.092e-01, 0.584477,0.789647,FALSE,FALSE,rejected
MIMAT0000080,hsa-miR-24-3p, 1.073e-01,6.176e-01,-1.697454,0.315385,FALSE,FALSE,white
MIMAT0001631,hsa-miR-451,-4.103e-01,6.176e-01,-1.467986,0.393360, TRUE,FALSE,yellow
MIMAT0002821,hsa-miR-181d-5p, 1.247e-01,6.176e-01, 0.718282,0.741033, TRUE,FALSE,white
MIMAT0000085,hsa-miR-28-5p, 1.526e-01,6.189e-01, 0.317828,0.878578, TRUE,FALSE,white
MIMAT0002874,hsa-miR-503-5p,-1.228e-01,6.189e-01,-1.025842,0.598637, TRUE,FALSE,white
MIMAT0004774,hsa-miR-501-3p,-6.063e-02,6.189e-01,-0.780553,0.725109, TRUE,FALSE,white
MIMAT0004945,hsa-miR-744-5p, 7.577e-02,6.189e-01, 0.677845,0.758437, TRUE,FALSE,white
MIMAT0004767,hsa-miR-193b-5p, 6.376e-02,6.339e-01, 0.640574,0.770030, TRUE,FALSE,white
MIMAT0000685,hsa-miR-34b-5p, 1.329e-01,6.438e-01, 0.418528,0.850957, TRUE,FALSE,white
MIMAT0000222,hsa-miR-192-5p, 1.783e-01,6.510e-01, 0.638667,0.770030, TRUE,FALSE,white
MIMAT0003237,hsa-miR-572,-1.242e-01,6.510e-01, 1.173450,0.506056,FALSE,FALSE,rejected
MIMAT0000275,hsa-miR-218-5p, 1.380e-01,6.524e-01, 0.460450,0.826997, TRUE,FALSE,white
MIMAT0000257,hsa-miR-181b-5p,-1.555e-01,6.539e-01,-1.532867,0.362230, TRUE,FALSE,white
MIMAT0004762,hsa-miR-486-3p,-4.851e-02,6.539e-01,-1.177073,0.506056, TRUE,FALSE,white
MIMAT0003322,hsa-miR-652-3p, 1.130e-01,6.589e-01, 0.649143,0.770030, TRUE,FALSE,white
MIMAT0004982,hsa-miR-939-5p,-1.245e-01,6.589e-01, 0.999024,0.618943,FALSE,FALSE,rejected
MIMAT0000420,hsa-miR-30b-5p, 1.500e-01,6.591e-01, 0.965223,0.633034, TRUE,FALSE,white
MIMAT0000069,hsa-miR-16-5p, 2.585e-01,6.751e-01, 0.607417,0.778634, TRUE,FALSE,white
MIMAT0000765,hsa-miR-335-5p, 1.411e-01,6.751e-01, 0.475486,0.826997, TRUE,FALSE,white
MIMAT0005865,hsa-miR-1202, 2.661e-01,6.751e-01, 0.372894,0.865080, TRUE,FALSE,rejected
MIMAT0004601,hsa-miR-145-3p, 8.873e-02,6.766e-01, 0.414558,0.850957, TRUE,FALSE,white
MIMAT0000075,hsa-miR-20a-5p,-1.973e-01,6.838e-01,-1.301677,0.447783, TRUE,FALSE,white
MIMAT0000460,hsa-miR-194-5p, 8.640e-02,6.903e-01, 0.581846,0.789647, TRUE,FALSE,white
MIMAT0003163,hsa-miR-539-5p, 4.765e-02,6.903e-01, 0.399634,0.850957, TRUE,FALSE,white
MIMAT0000099,hsa-miR-101-3p, 1.268e-01,7.041e-01, 0.449527,0.832013, TRUE,FALSE,white
MIMAT0000086,hsa-miR-29a-3p, 9.718e-02,7.236e-01,-0.758103,0.733165,FALSE,FALSE,white
MIMAT0000447,hsa-miR-134-5p, 7.525e-02,7.236e-01, 1.045735,0.589720, TRUE,FALSE,white
MIMAT0000757,hsa-miR-151-3p,-1.143e-01,7.236e-01,-1.194314,0.496565, TRUE,FALSE,white
MIMAT0004568,hsa-miR-221-5p, 8.198e-02,7.246e-01, 0.327841,0.878578, TRUE,FALSE,white
MIMAT0001618,hsa-miR-191-3p, 2.960e-02,7.310e-01,-0.791933,0.718519,FALSE,FALSE,white
MIMAT0004589,hsa-miR-30b-3p,-5.397e-02,7.327e-01,-0.838961,0.695393, TRUE,FALSE,white
MIMAT0000098,hsa-miR-100-5p, 1.505e-01,7.441e-01, 0.108307,0.963951, TRUE,FALSE,white
MIMAT0000423,hsa-miR-125b-5p,-1.416e-01,7.451e-01,-0.549526,0.801580, TRUE,FALSE,white
MIMAT0000728,hsa-miR-375, 2.556e-01,7.451e-01, 0.854791,0.695393, TRUE,FALSE,white
MIMAT0000736,hsa-miR-381-3p,-8.558e-02,7.454e-01,-1.198204,0.496565, TRUE,FALSE,white
MIMAT0000756,hsa-miR-326, 4.785e-02,7.612e-01, 0.661703,0.765934, TRUE,FALSE,white
MIMAT0003945,hsa-miR-765,-6.756e-02,7.702e-01, 0.084922,0.967934,FALSE,FALSE,rejected
MIMAT0004784,hsa-miR-455-3p, 1.311e-01,7.702e-01,-0.034834,0.984400,FALSE,FALSE,white
MIMAT0000424,hsa-miR-128-3p, 9.444e-02,7.750e-01, 0.326253,0.878578, TRUE,FALSE,white
MIMAT0005949,hsa-miR-664, 3.319e-02,7.750e-01, 0.558588,0.801580, TRUE,FALSE,rejected
MIMAT0000703,hsa-miR-361-5p, 6.856e-02,7.779e-01,-0.330575,0.878578,FALSE,FALSE,white
MIMAT0002173,hsa-miR-483-3p, 4.078e-02,7.779e-01, 0.470942,0.826997, TRUE,FALSE,white
MIMAT0004776,hsa-miR-505-5p,-4.832e-02,7.779e-01,-0.578121,0.789647, TRUE,FALSE,white
MIMAT0004493,hsa-miR-20a-3p, 7.179e-02,7.920e-01, 0.753806,0.733165, TRUE,FALSE,white
MIMAT0005792,hsa-miR-320b, 9.843e-02,7.936e-01,-0.300600,0.878578,FALSE,FALSE,rejected
MIMAT0003389,hsa-miR-542-3p, 7.833e-02,8.074e-01, 0.369640,0.865080, TRUE,FALSE,white
MIMAT0000266,hsa-miR-205-5p,-2.194e-01,8.087e-01, 0.063976,0.974737,FALSE,FALSE,white
MIMAT0002175,hsa-miR-485-5p, 1.946e-02,8.087e-01, 0.254767,0.893034, TRUE,FALSE,white
MIMAT0005901,hsa-miR-1249-3p, 6.205e-02,8.087e-01,-1.692188,0.315385,FALSE,FALSE,white
MIMAT0000459,hsa-miR-193a-3p, 7.302e-02,8.134e-01,-0.305998,0.878578,FALSE,FALSE,white
MIMAT0003326,hsa-miR-663,-1.051e-01,8.134e-01,-0.414571,0.850957, TRUE,FALSE,rejected
MIMAT0001638,hsa-miR-409-5p, 2.886e-02,8.355e-01, 0.118333,0.960413, TRUE,FALSE,white
MIMAT0000243,hsa-miR-148a-3p,-1.201e-01,8.362e-01,-0.954776,0.638426, TRUE,FALSE,white
MIMAT0000431,hsa-miR-140-5p,-8.269e-02,8.362e-01,-1.362645,0.437082, TRUE,FALSE,white
MIMAT0004674,hsa-miR-30c-1-3p,-2.180e-02,8.362e-01,-0.986641,0.621826, TRUE,FALSE,white
MIMAT0002809,hsa-miR-146b-5p,-1.070e-01,8.447e-01,-0.902858,0.665407, TRUE,FALSE,white
MIMAT0000438,hsa-miR-152-3p, 6.905e-02,8.502e-01,-0.033525,0.984400,FALSE,FALSE,white
MIMAT0000452,hsa-miR-154-5p, 3.723e-02,8.700e-01,-0.081479,0.967934,FALSE,FALSE,white
MIMAT0000720,hsa-miR-376c-3p, 7.374e-02,8.700e-01,-0.236461,0.898300,FALSE,FALSE,white
MIMAT0001341,hsa-miR-424-5p, 1.128e-01,8.700e-01, 0.004499,0.996410, TRUE,FALSE,white
MIMAT0003340,hsa-miR-542-5p, 5.908e-02,8.700e-01, 0.104638,0.963951, TRUE,FALSE,white
MIMAT0003393,hsa-miR-425-5p,-7.224e-02,8.700e-01,-0.764928,0.731325, TRUE,FALSE,white
MIMAT0004814,hsa-miR-654-3p, 4.549e-02,8.700e-01,-0.347739,0.876952,FALSE,FALSE,white
MIMAT0000252,hsa-miR-7-5p, 1.082e-01,8.769e-01, 0.849930,0.695393, TRUE,FALSE,white
MIMAT0002814,hsa-miR-432-5p, 2.630e-02,8.769e-01,-0.398472,0.850957,FALSE,FALSE,white
MIMAT0004599,hsa-miR-143-5p, 2.371e-02,8.769e-01, 0.235843,0.898300, TRUE,FALSE,white
MIMAT0004748,hsa-miR-423-5p,-3.387e-02,8.769e-01,-0.407790,0.850957, TRUE,FALSE,white
MIMAT0004955,hsa-miR-374b-5p,-5.085e-02,8.769e-01,-0.677652,0.758437, TRUE,FALSE,white
MIMAT0000256,hsa-miR-181a-5p, 7.271e-02,8.773e-01,-0.474537,0.826997,FALSE,FALSE,white
MIMAT0003338,hsa-miR-660-5p,-6.737e-02,8.773e-01,-0.917739,0.658117, TRUE,FALSE,white
MIMAT0005793,hsa-miR-320c,-5.287e-02,8.793e-01,-0.608668,0.778634, TRUE,FALSE,rejected
MIMAT0000094,hsa-miR-95-3p, 5.284e-02,8.797e-01,-0.089639,0.967934,FALSE,FALSE,white
MIMAT0000437,hsa-miR-145-5p,-7.604e-02,8.797e-01,-0.053158,0.978514, TRUE,FALSE,white
MIMAT0000730,hsa-miR-377-3p, 6.295e-02,8.797e-01,-0.459335,0.826997,FALSE,FALSE,white
MIMAT0000077,hsa-miR-22-3p,-5.073e-02,8.893e-01,-1.797589,0.269636, TRUE,FALSE,white
MIMAT0000227,hsa-miR-197-3p, 4.924e-02,8.893e-01,-0.126805,0.960413,FALSE,FALSE,white
MIMAT0000687,hsa-miR-299-3p,-1.968e-02,8.893e-01,-0.718816,0.741033, TRUE,FALSE,white
MIMAT0000727,hsa-miR-374a-5p, 6.909e-02,8.893e-01,-0.066746,0.974737,FALSE,FALSE,white
MIMAT0001413,hsa-miR-20b-5p,-6.969e-02,8.893e-01,-0.318323,0.878578, TRUE,FALSE,white
MIMAT0002176,hsa-miR-485-3p, 1.084e-02,8.893e-01,-0.091073,0.967934,FALSE,FALSE,white
MIMAT0000081,hsa-miR-25-3p,-3.792e-02,8.989e-01,-0.744837,0.737428, TRUE,FALSE,white
MIMAT0000445,hsa-miR-126-3p,-7.096e-02,8.989e-01,-0.646871,0.770030, TRUE,FALSE,white
MIMAT0006764,hsa-miR-320d, 4.535e-02,8.989e-01,-0.297802,0.878578,FALSE,FALSE,rejected
MIMAT0000076,hsa-miR-21-5p, 5.008e-02,9.194e-01,-0.915172,0.658117,FALSE,FALSE,white
MIMAT0000446,hsa-miR-127-3p, 4.559e-02,9.194e-01,-0.227647,0.901572,FALSE,FALSE,white
MIMAT0000733,hsa-miR-379-5p, 3.300e-02,9.194e-01,-0.168136,0.939107,FALSE,FALSE,white
MIMAT0003885,hsa-miR-454-3p, 4.663e-02,9.194e-01, 0.118022,0.960413, TRUE,FALSE,white
MIMAT0004954,hsa-miR-543, 9.281e-03,9.194e-01, 0.050089,0.978514, TRUE,FALSE,white
MIMAT0000267,hsa-miR-210-3p,-5.730e-02,9.265e-01,-0.625303,0.774284, TRUE,FALSE,white
MIMAT0000617,hsa-miR-200c-3p, 4.741e-02,9.265e-01, 0.255917,0.893034, TRUE,FALSE,white
MIMAT0003258,hsa-miR-590-5p,-5.224e-02,9.265e-01,-0.590773,0.789647, TRUE,FALSE,white
MIMAT0003879,hsa-miR-758-3p, 1.757e-02,9.265e-01,-0.310640,0.878578,FALSE,FALSE,white
MIMAT0005796,hsa-miR-1271-5p, 1.578e-02,9.265e-01,-0.250700,0.893034,FALSE,FALSE,white
MIMAT0000245,hsa-miR-30d-5p,-3.481e-02,9.304e-01,-0.817710,0.706991, TRUE,FALSE,white
MIMAT0000432,hsa-miR-141-3p,-4.003e-02,9.304e-01, 0.262188,0.893034,FALSE,FALSE,white
MIMAT0000442,hsa-miR-9-3p, 3.154e-02,9.304e-01, 0.841146,0.695393, TRUE,FALSE,white
MIMAT0000689,hsa-miR-99b-5p, 3.576e-02,9.304e-01,-0.122407,0.960413,FALSE,FALSE,white
MIMAT0000729,hsa-miR-376a-3p, 3.119e-02,9.304e-01,-0.547853,0.801580,FALSE,FALSE,white
MIMAT0000770,hsa-miR-133b, 1.692e-02,9.304e-01,-0.476083,0.826997,FALSE,FALSE,white
MIMAT0003221,hsa-miR-557, 1.247e-02,9.304e-01, 0.696306,0.753123, TRUE,FALSE,purple
MIMAT0003330,hsa-miR-654-5p,-4.207e-03,9.304e-01, 0.507052,0.826855,FALSE,FALSE,white
MIMAT0004504,hsa-miR-31-3p,-3.081e-02,9.304e-01,-0.738154,0.739464, TRUE,FALSE,white
MIMAT0004552,hsa-miR-139-3p, 1.188e-02,9.304e-01, 0.186190,0.929459, TRUE,FALSE,white
MIMAT0004557,hsa-miR-34a-3p,-1.004e-02,9.304e-01,-0.531516,0.808673, TRUE,FALSE,white
MIMAT0004683,hsa-miR-362-3p,-2.137e-02,9.304e-01,-0.398314,0.850957, TRUE,FALSE,white
MIMAT0004761,hsa-miR-483-5p, 3.168e-02,9.304e-01, 0.475925,0.826997, TRUE,FALSE,white
MIMAT0002174,hsa-miR-484, 9.121e-03,9.362e-01,-0.009994,0.995784,FALSE,FALSE,rejected
MIMAT0004610,hsa-miR-150-3p, 1.294e-02,9.412e-01, 0.292655,0.879281, TRUE,FALSE,white
MIMAT0000510,hsa-miR-320a,-1.831e-02,9.437e-01,-0.325335,0.878578, TRUE,FALSE,rejected
MIMAT0001639,hsa-miR-409-3p, 1.025e-02,9.459e-01,-0.692188,0.753123,FALSE,FALSE,white
MIMAT0000265,hsa-miR-204-5p, 9.714e-03,9.494e-01,-0.165906,0.939107,FALSE,FALSE,white
MIMAT0000425,hsa-miR-130a-3p,-1.786e-02,9.494e-01,-1.311000,0.447783, TRUE,FALSE,white
MIMAT0000737,hsa-miR-382-5p, 8.152e-03,9.494e-01,-0.498969,0.826855,FALSE,FALSE,white
MIMAT0004689,hsa-miR-377-5p, 3.448e-03,9.544e-01,-0.272251,0.889482,FALSE,FALSE,white
MIMAT0000762,hsa-miR-324-3p,-8.798e-03,9.626e-01,-0.352826,0.876338, TRUE,FALSE,white
MIMAT0004951,hsa-miR-887-3p, 7.546e-03,9.626e-01,-0.158888,0.941242,FALSE,FALSE,white
MIMAT0003150,hsa-miR-455-5p,-4.514e-03,9.792e-01,-0.375699,0.865080, TRUE,FALSE,white
MIMAT0000082,hsa-miR-26a-5p, 7.762e-04,9.998e-01,-0.216521,0.907331,FALSE,FALSE,white
MIMAT0003239,hsa-miR-574-3p, 6.564e-05,9.998e-01, 0.555943,0.801580, TRUE,FALSE,white
MIMAT0004558,hsa-miR-181a-2-3p,-2.434e-05,9.998e-01,-0.287443,0.880042, TRUE,FALSE,white
